<?xml version="1.0" encoding="UTF-8"?>
<gpx creator="Garmin Connect" version="1.1"
  xsi:schemaLocation="http://www.topografix.com/GPX/1/1 http://www.topografix.com/GPX/11.xsd"
  xmlns:ns3="http://www.garmin.com/xmlschemas/TrackPointExtension/v1"
  xmlns="http://www.topografix.com/GPX/1/1"
  xmlns:xsi="http://www.w3.org/2001/XMLSchema-instance" xmlns:ns2="http://www.garmin.com/xmlschemas/GpxExtensions/v3">
  <metadata>
    <link href="connect.garmin.com">
      <text>Garmin Connect</text>
    </link>
    <time>2025-05-13T16:38:59.000Z</time>
  </metadata>
  <trk>
    <name>Prince George's County Running</name>
    <type>running</type>
    <trkseg>
      <trkpt lat="38.99655229412019252777099609375" lon="-76.85694088228046894073486328125">
        <ele>52.40000152587890625</ele>
        <time>2025-05-13T16:38:59.000Z</time>
        <extensions>
          <ns3:TrackPointExtension>
            <ns3:hr>98</ns3:hr>
            <ns3:cad>56</ns3:cad>
          </ns3:TrackPointExtension>
        </extensions>
      </trkpt>
      <trkpt lat="38.9965676330029964447021484375" lon="-76.856948174536228179931640625">
        <ele>52.40000152587890625</ele>
        <time>2025-05-13T16:39:00.000Z</time>
        <extensions>
          <ns3:TrackPointExtension>
            <ns3:hr>102</ns3:hr>
            <ns3:cad>56</ns3:cad>
          </ns3:TrackPointExtension>
        </extensions>
      </trkpt>
      <trkpt lat="38.99661742150783538818359375" lon="-76.85696368105709552764892578125">
        <ele>52</ele>
        <time>2025-05-13T16:39:01.000Z</time>
        <extensions>
          <ns3:TrackPointExtension>
            <ns3:hr>101</ns3:hr>
            <ns3:cad>56</ns3:cad>
          </ns3:TrackPointExtension>
        </extensions>
      </trkpt>
      <trkpt lat="38.99664734490215778350830078125" lon="-76.8569704703986644744873046875">
        <ele>51.799999237060546875</ele>
        <time>2025-05-13T16:39:03.000Z</time>
        <extensions>
          <ns3:TrackPointExtension>
            <ns3:hr>105</ns3:hr>
            <ns3:cad>81</ns3:cad>
          </ns3:TrackPointExtension>
        </extensions>
      </trkpt>
      <trkpt lat="38.99679855443537235260009765625" lon="-76.8569936044514179229736328125">
        <ele>51</ele>
        <time>2025-05-13T16:39:08.000Z</time>
        <extensions>
          <ns3:TrackPointExtension>
            <ns3:hr>108</ns3:hr>
            <ns3:cad>83</ns3:cad>
          </ns3:TrackPointExtension>
        </extensions>
      </trkpt>
      <trkpt lat="38.9968274720013141632080078125" lon="-76.8569989688694477081298828125">
        <ele>51</ele>
        <time>2025-05-13T16:39:09.000Z</time>
        <extensions>
          <ns3:TrackPointExtension>
            <ns3:hr>111</ns3:hr>
            <ns3:cad>83</ns3:cad>
          </ns3:TrackPointExtension>
        </extensions>
      </trkpt>
      <trkpt lat="38.9968554675579071044921875" lon="-76.8570041656494140625">
        <ele>51</ele>
        <time>2025-05-13T16:39:10.000Z</time>
        <extensions>
          <ns3:TrackPointExtension>
            <ns3:hr>117</ns3:hr>
            <ns3:cad>84</ns3:cad>
          </ns3:TrackPointExtension>
        </extensions>
      </trkpt>
      <trkpt lat="38.9968822896480560302734375" lon="-76.8570113740861415863037109375">
        <ele>51</ele>
        <time>2025-05-13T16:39:11.000Z</time>
        <extensions>
          <ns3:TrackPointExtension>
            <ns3:hr>122</ns3:hr>
            <ns3:cad>84</ns3:cad>
          </ns3:TrackPointExtension>
        </extensions>
      </trkpt>
      <trkpt lat="38.9969091117382049560546875" lon="-76.85701866634190082550048828125">
        <ele>51</ele>
        <time>2025-05-13T16:39:12.000Z</time>
        <extensions>
          <ns3:TrackPointExtension>
            <ns3:hr>127</ns3:hr>
            <ns3:cad>84</ns3:cad>
          </ns3:TrackPointExtension>
        </extensions>
      </trkpt>
      <trkpt lat="38.9969344250857830047607421875" lon="-76.85702989809215068817138671875">
        <ele>51</ele>
        <time>2025-05-13T16:39:13.000Z</time>
        <extensions>
          <ns3:TrackPointExtension>
            <ns3:hr>131</ns3:hr>
            <ns3:cad>84</ns3:cad>
          </ns3:TrackPointExtension>
        </extensions>
      </trkpt>
      <trkpt lat="38.99695998989045619964599609375" lon="-76.85704112984240055084228515625">
        <ele>51</ele>
        <time>2025-05-13T16:39:14.000Z</time>
        <extensions>
          <ns3:TrackPointExtension>
            <ns3:hr>135</ns3:hr>
            <ns3:cad>84</ns3:cad>
          </ns3:TrackPointExtension>
        </extensions>
      </trkpt>
      <trkpt lat="38.99698555469512939453125" lon="-76.8570532836019992828369140625">
        <ele>51.200000762939453125</ele>
        <time>2025-05-13T16:39:15.000Z</time>
        <extensions>
          <ns3:TrackPointExtension>
            <ns3:hr>140</ns3:hr>
            <ns3:cad>84</ns3:cad>
          </ns3:TrackPointExtension>
        </extensions>
      </trkpt>
      <trkpt lat="38.99705998599529266357421875" lon="-76.85712981037795543670654296875">
        <ele>50.59999847412109375</ele>
        <time>2025-05-13T16:39:19.000Z</time>
        <extensions>
          <ns3:TrackPointExtension>
            <ns3:hr>138</ns3:hr>
            <ns3:cad>85</ns3:cad>
          </ns3:TrackPointExtension>
        </extensions>
      </trkpt>
      <trkpt lat="38.99706727825105190277099609375" lon="-76.85720038600265979766845703125">
        <ele>50.40000152587890625</ele>
        <time>2025-05-13T16:39:21.000Z</time>
        <extensions>
          <ns3:TrackPointExtension>
            <ns3:hr>141</ns3:hr>
            <ns3:cad>86</ns3:cad>
          </ns3:TrackPointExtension>
        </extensions>
      </trkpt>
      <trkpt lat="38.9970601536333560943603515625" lon="-76.85746139846742153167724609375">
        <ele>49.200000762939453125</ele>
        <time>2025-05-13T16:39:28.000Z</time>
        <extensions>
          <ns3:TrackPointExtension>
            <ns3:hr>143</ns3:hr>
            <ns3:cad>86</ns3:cad>
          </ns3:TrackPointExtension>
        </extensions>
      </trkpt>
      <trkpt lat="38.9970581419765949249267578125" lon="-76.85753247700631618499755859375">
        <ele>49.200000762939453125</ele>
        <time>2025-05-13T16:39:30.000Z</time>
        <extensions>
          <ns3:TrackPointExtension>
            <ns3:hr>140</ns3:hr>
            <ns3:cad>86</ns3:cad>
          </ns3:TrackPointExtension>
        </extensions>
      </trkpt>
      <trkpt lat="38.99705738760530948638916015625" lon="-76.857635490596294403076171875">
        <ele>49</ele>
        <time>2025-05-13T16:39:33.000Z</time>
        <extensions>
          <ns3:TrackPointExtension>
            <ns3:hr>143</ns3:hr>
            <ns3:cad>86</ns3:cad>
          </ns3:TrackPointExtension>
        </extensions>
      </trkpt>
      <trkpt lat="38.99705587886273860931396484375" lon="-76.8577345646917819976806640625">
        <ele>48.799999237060546875</ele>
        <time>2025-05-13T16:39:36.000Z</time>
        <extensions>
          <ns3:TrackPointExtension>
            <ns3:hr>148</ns3:hr>
            <ns3:cad>86</ns3:cad>
          </ns3:TrackPointExtension>
        </extensions>
      </trkpt>
      <trkpt lat="38.9970591478049755096435546875" lon="-76.85780036263167858123779296875">
        <ele>48.799999237060546875</ele>
        <time>2025-05-13T16:39:38.000Z</time>
        <extensions>
          <ns3:TrackPointExtension>
            <ns3:hr>152</ns3:hr>
            <ns3:cad>86</ns3:cad>
          </ns3:TrackPointExtension>
        </extensions>
      </trkpt>
      <trkpt lat="38.99707465432584285736083984375" lon="-76.85789843089878559112548828125">
        <ele>48.59999847412109375</ele>
        <time>2025-05-13T16:39:41.000Z</time>
        <extensions>
          <ns3:TrackPointExtension>
            <ns3:hr>149</ns3:hr>
            <ns3:cad>86</ns3:cad>
          </ns3:TrackPointExtension>
        </extensions>
      </trkpt>
      <trkpt lat="38.99706442840397357940673828125" lon="-76.85811124742031097412109375">
        <ele>48.59999847412109375</ele>
        <time>2025-05-13T16:39:47.000Z</time>
        <extensions>
          <ns3:TrackPointExtension>
            <ns3:hr>154</ns3:hr>
            <ns3:cad>85</ns3:cad>
          </ns3:TrackPointExtension>
        </extensions>
      </trkpt>
      <trkpt lat="38.997057974338531494140625" lon="-76.85814452357590198516845703125">
        <ele>48.799999237060546875</ele>
        <time>2025-05-13T16:39:48.000Z</time>
        <extensions>
          <ns3:TrackPointExtension>
            <ns3:hr>154</ns3:hr>
            <ns3:cad>85</ns3:cad>
          </ns3:TrackPointExtension>
        </extensions>
      </trkpt>
      <trkpt lat="38.9970537833869457244873046875" lon="-76.8581776320934295654296875">
        <ele>49</ele>
        <time>2025-05-13T16:39:49.000Z</time>
        <extensions>
          <ns3:TrackPointExtension>
            <ns3:hr>150</ns3:hr>
            <ns3:cad>85</ns3:cad>
          </ns3:TrackPointExtension>
        </extensions>
      </trkpt>
      <trkpt lat="38.9970521070063114166259765625" lon="-76.8582448549568653106689453125">
        <ele>49.200000762939453125</ele>
        <time>2025-05-13T16:39:51.000Z</time>
        <extensions>
          <ns3:TrackPointExtension>
            <ns3:hr>146</ns3:hr>
            <ns3:cad>85</ns3:cad>
          </ns3:TrackPointExtension>
        </extensions>
      </trkpt>
      <trkpt lat="38.9970474131405353546142578125" lon="-76.8585033528506755828857421875">
        <ele>48.40000152587890625</ele>
        <time>2025-05-13T16:39:59.000Z</time>
        <extensions>
          <ns3:TrackPointExtension>
            <ns3:hr>147</ns3:hr>
            <ns3:cad>84</ns3:cad>
          </ns3:TrackPointExtension>
        </extensions>
      </trkpt>
      <trkpt lat="38.99704028852283954620361328125" lon="-76.858758665621280670166015625">
        <ele>45.59999847412109375</ele>
        <time>2025-05-13T16:40:07.000Z</time>
        <extensions>
          <ns3:TrackPointExtension>
            <ns3:hr>145</ns3:hr>
            <ns3:cad>85</ns3:cad>
          </ns3:TrackPointExtension>
        </extensions>
      </trkpt>
      <trkpt lat="38.99703852832317352294921875" lon="-76.85899813659489154815673828125">
        <ele>45.59999847412109375</ele>
        <time>2025-05-13T16:40:14.000Z</time>
        <extensions>
          <ns3:TrackPointExtension>
            <ns3:hr>147</ns3:hr>
            <ns3:cad>85</ns3:cad>
          </ns3:TrackPointExtension>
        </extensions>
      </trkpt>
      <trkpt lat="38.99700726382434368133544921875" lon="-76.8591112084686756134033203125">
        <ele>46.40000152587890625</ele>
        <time>2025-05-13T16:40:18.000Z</time>
        <extensions>
          <ns3:TrackPointExtension>
            <ns3:hr>151</ns3:hr>
            <ns3:cad>87</ns3:cad>
          </ns3:TrackPointExtension>
        </extensions>
      </trkpt>
      <trkpt lat="38.99695378728210926055908203125" lon="-76.85935713350772857666015625">
        <ele>48.799999237060546875</ele>
        <time>2025-05-13T16:40:26.000Z</time>
        <extensions>
          <ns3:TrackPointExtension>
            <ns3:hr>149</ns3:hr>
            <ns3:cad>84</ns3:cad>
          </ns3:TrackPointExtension>
        </extensions>
      </trkpt>
      <trkpt lat="38.99689980782568454742431640625" lon="-76.85960213653743267059326171875">
        <ele>50.799999237060546875</ele>
        <time>2025-05-13T16:40:34.000Z</time>
        <extensions>
          <ns3:TrackPointExtension>
            <ns3:hr>149</ns3:hr>
            <ns3:cad>83</ns3:cad>
          </ns3:TrackPointExtension>
        </extensions>
      </trkpt>
      <trkpt lat="38.99692730046808719635009765625" lon="-76.8597908131778240203857421875">
        <ele>51.59999847412109375</ele>
        <time>2025-05-13T16:40:41.000Z</time>
        <extensions>
          <ns3:TrackPointExtension>
            <ns3:hr>153</ns3:hr>
            <ns3:cad>83</ns3:cad>
          </ns3:TrackPointExtension>
        </extensions>
      </trkpt>
      <trkpt lat="38.9969699643552303314208984375" lon="-76.8598099239170551300048828125">
        <ele>51.40000152587890625</ele>
        <time>2025-05-13T16:40:43.000Z</time>
        <extensions>
          <ns3:TrackPointExtension>
            <ns3:hr>156</ns3:hr>
            <ns3:cad>84</ns3:cad>
          </ns3:TrackPointExtension>
        </extensions>
      </trkpt>
      <trkpt lat="38.99701413698494434356689453125" lon="-76.85982174240052700042724609375">
        <ele>51.40000152587890625</ele>
        <time>2025-05-13T16:40:45.000Z</time>
        <extensions>
          <ns3:TrackPointExtension>
            <ns3:hr>159</ns3:hr>
            <ns3:cad>85</ns3:cad>
          </ns3:TrackPointExtension>
        </extensions>
      </trkpt>
      <trkpt lat="38.997170291841030120849609375" lon="-76.8598404340445995330810546875">
        <ele>51.40000152587890625</ele>
        <time>2025-05-13T16:40:51.000Z</time>
        <extensions>
          <ns3:TrackPointExtension>
            <ns3:hr>165</ns3:hr>
            <ns3:cad>84</ns3:cad>
          </ns3:TrackPointExtension>
        </extensions>
      </trkpt>
      <trkpt lat="38.99733298458158969879150390625" lon="-76.8598484806716442108154296875">
        <ele>51</ele>
        <time>2025-05-13T16:40:57.000Z</time>
        <extensions>
          <ns3:TrackPointExtension>
            <ns3:hr>168</ns3:hr>
            <ns3:cad>84</ns3:cad>
          </ns3:TrackPointExtension>
        </extensions>
      </trkpt>
      <trkpt lat="38.99751462042331695556640625" lon="-76.8598525039851665496826171875">
        <ele>50.40000152587890625</ele>
        <time>2025-05-13T16:41:04.000Z</time>
        <extensions>
          <ns3:TrackPointExtension>
            <ns3:hr>166</ns3:hr>
            <ns3:cad>85</ns3:cad>
          </ns3:TrackPointExtension>
        </extensions>
      </trkpt>
      <trkpt lat="38.997700028121471405029296875" lon="-76.859867088496685028076171875">
        <ele>49.799999237060546875</ele>
        <time>2025-05-13T16:41:11.000Z</time>
        <extensions>
          <ns3:TrackPointExtension>
            <ns3:hr>163</ns3:hr>
            <ns3:cad>85</ns3:cad>
          </ns3:TrackPointExtension>
        </extensions>
      </trkpt>
      <trkpt lat="38.99783648550510406494140625" lon="-76.859891898930072784423828125">
        <ele>49.40000152587890625</ele>
        <time>2025-05-13T16:41:16.000Z</time>
        <extensions>
          <ns3:TrackPointExtension>
            <ns3:hr>160</ns3:hr>
            <ns3:cad>86</ns3:cad>
          </ns3:TrackPointExtension>
        </extensions>
      </trkpt>
      <trkpt lat="38.998016528785228729248046875" lon="-76.85991310514509677886962890625">
        <ele>48.200000762939453125</ele>
        <time>2025-05-13T16:41:23.000Z</time>
        <extensions>
          <ns3:TrackPointExtension>
            <ns3:hr>158</ns3:hr>
            <ns3:cad>86</ns3:cad>
          </ns3:TrackPointExtension>
        </extensions>
      </trkpt>
      <trkpt lat="38.99819447658956050872802734375" lon="-76.8599299527704715728759765625">
        <ele>46.59999847412109375</ele>
        <time>2025-05-13T16:41:30.000Z</time>
        <extensions>
          <ns3:TrackPointExtension>
            <ns3:hr>155</ns3:hr>
            <ns3:cad>85</ns3:cad>
          </ns3:TrackPointExtension>
        </extensions>
      </trkpt>
      <trkpt lat="38.9983824826776981353759765625" lon="-76.85994931496679782867431640625">
        <ele>44.799999237060546875</ele>
        <time>2025-05-13T16:41:37.000Z</time>
        <extensions>
          <ns3:TrackPointExtension>
            <ns3:hr>157</ns3:hr>
            <ns3:cad>85</ns3:cad>
          </ns3:TrackPointExtension>
        </extensions>
      </trkpt>
      <trkpt lat="38.99846789427101612091064453125" lon="-76.8599614687263965606689453125">
        <ele>44.200000762939453125</ele>
        <time>2025-05-13T16:41:40.000Z</time>
        <extensions>
          <ns3:TrackPointExtension>
            <ns3:hr>160</ns3:hr>
            <ns3:cad>85</ns3:cad>
          </ns3:TrackPointExtension>
        </extensions>
      </trkpt>
      <trkpt lat="38.9986614324152469635009765625" lon="-76.85997060500085353851318359375">
        <ele>43</ele>
        <time>2025-05-13T16:41:47.000Z</time>
        <extensions>
          <ns3:TrackPointExtension>
            <ns3:hr>157</ns3:hr>
            <ns3:cad>84</ns3:cad>
          </ns3:TrackPointExtension>
        </extensions>
      </trkpt>
      <trkpt lat="38.998792357742786407470703125" lon="-76.859989129006862640380859375">
        <ele>42.59999847412109375</ele>
        <time>2025-05-13T16:41:52.000Z</time>
        <extensions>
          <ns3:TrackPointExtension>
            <ns3:hr>154</ns3:hr>
            <ns3:cad>86</ns3:cad>
          </ns3:TrackPointExtension>
        </extensions>
      </trkpt>
      <trkpt lat="38.9989896677434444427490234375" lon="-76.86003430746495723724365234375">
        <ele>42</ele>
        <time>2025-05-13T16:42:00.000Z</time>
        <extensions>
          <ns3:TrackPointExtension>
            <ns3:hr>153</ns3:hr>
            <ns3:cad>86</ns3:cad>
          </ns3:TrackPointExtension>
        </extensions>
      </trkpt>
      <trkpt lat="38.99917759001255035400390625" lon="-76.86005224473774433135986328125">
        <ele>41.40000152587890625</ele>
        <time>2025-05-13T16:42:07.000Z</time>
        <extensions>
          <ns3:TrackPointExtension>
            <ns3:hr>154</ns3:hr>
            <ns3:cad>87</ns3:cad>
          </ns3:TrackPointExtension>
        </extensions>
      </trkpt>
      <trkpt lat="38.99936676956713199615478515625" lon="-76.86008937656879425048828125">
        <ele>40.799999237060546875</ele>
        <time>2025-05-13T16:42:14.000Z</time>
        <extensions>
          <ns3:TrackPointExtension>
            <ns3:hr>154</ns3:hr>
            <ns3:cad>84</ns3:cad>
          </ns3:TrackPointExtension>
        </extensions>
      </trkpt>
      <trkpt lat="38.9995509199798107147216796875" lon="-76.8601368181407451629638671875">
        <ele>40.799999237060546875</ele>
        <time>2025-05-13T16:42:21.000Z</time>
        <extensions>
          <ns3:TrackPointExtension>
            <ns3:hr>152</ns3:hr>
            <ns3:cad>85</ns3:cad>
          </ns3:TrackPointExtension>
        </extensions>
      </trkpt>
      <trkpt lat="38.99972610175609588623046875" lon="-76.8601995147764682769775390625">
        <ele>41</ele>
        <time>2025-05-13T16:42:28.000Z</time>
        <extensions>
          <ns3:TrackPointExtension>
            <ns3:hr>153</ns3:hr>
            <ns3:cad>87</ns3:cad>
          </ns3:TrackPointExtension>
        </extensions>
      </trkpt>
      <trkpt lat="38.999882005155086517333984375" lon="-76.86026849783957004547119140625">
        <ele>41.200000762939453125</ele>
        <time>2025-05-13T16:42:35.000Z</time>
        <extensions>
          <ns3:TrackPointExtension>
            <ns3:hr>156</ns3:hr>
            <ns3:cad>86</ns3:cad>
          </ns3:TrackPointExtension>
        </extensions>
      </trkpt>
      <trkpt lat="39.0000615455210208892822265625" lon="-76.86032683588564395904541015625">
        <ele>41.200000762939453125</ele>
        <time>2025-05-13T16:42:42.000Z</time>
        <extensions>
          <ns3:TrackPointExtension>
            <ns3:hr>154</ns3:hr>
            <ns3:cad>87</ns3:cad>
          </ns3:TrackPointExtension>
        </extensions>
      </trkpt>
      <trkpt lat="39.000250808894634246826171875" lon="-76.860388778150081634521484375">
        <ele>40.799999237060546875</ele>
        <time>2025-05-13T16:42:49.000Z</time>
        <extensions>
          <ns3:TrackPointExtension>
            <ns3:hr>155</ns3:hr>
            <ns3:cad>85</ns3:cad>
          </ns3:TrackPointExtension>
        </extensions>
      </trkpt>
      <trkpt lat="39.00043814443051815032958984375" lon="-76.8604348786175251007080078125">
        <ele>40.200000762939453125</ele>
        <time>2025-05-13T16:42:56.000Z</time>
        <extensions>
          <ns3:TrackPointExtension>
            <ns3:hr>155</ns3:hr>
            <ns3:cad>86</ns3:cad>
          </ns3:TrackPointExtension>
        </extensions>
      </trkpt>
      <trkpt lat="39.0006293356418609619140625" lon="-76.8604901991784572601318359375">
        <ele>40</ele>
        <time>2025-05-13T16:43:03.000Z</time>
        <extensions>
          <ns3:TrackPointExtension>
            <ns3:hr>155</ns3:hr>
            <ns3:cad>87</ns3:cad>
          </ns3:TrackPointExtension>
        </extensions>
      </trkpt>
      <trkpt lat="39.0007634460926055908203125" lon="-76.86053051613271236419677734375">
        <ele>40.200000762939453125</ele>
        <time>2025-05-13T16:43:08.000Z</time>
        <extensions>
          <ns3:TrackPointExtension>
            <ns3:hr>158</ns3:hr>
            <ns3:cad>87</ns3:cad>
          </ns3:TrackPointExtension>
        </extensions>
      </trkpt>
      <trkpt lat="39.00094382464885711669921875" lon="-76.86057561077177524566650390625">
        <ele>40</ele>
        <time>2025-05-13T16:43:15.000Z</time>
        <extensions>
          <ns3:TrackPointExtension>
            <ns3:hr>158</ns3:hr>
            <ns3:cad>86</ns3:cad>
          </ns3:TrackPointExtension>
        </extensions>
      </trkpt>
      <trkpt lat="39.00113820098340511322021484375" lon="-76.86063780449330806732177734375">
        <ele>40.200000762939453125</ele>
        <time>2025-05-13T16:43:23.000Z</time>
        <extensions>
          <ns3:TrackPointExtension>
            <ns3:hr>155</ns3:hr>
            <ns3:cad>87</ns3:cad>
          </ns3:TrackPointExtension>
        </extensions>
      </trkpt>
      <trkpt lat="39.0013198368251323699951171875" lon="-76.8607067875564098358154296875">
        <ele>40.59999847412109375</ele>
        <time>2025-05-13T16:43:30.000Z</time>
        <extensions>
          <ns3:TrackPointExtension>
            <ns3:hr>153</ns3:hr>
            <ns3:cad>87</ns3:cad>
          </ns3:TrackPointExtension>
        </extensions>
      </trkpt>
      <trkpt lat="39.00150281377136707305908203125" lon="-76.86075934208929538726806640625">
        <ele>40.59999847412109375</ele>
        <time>2025-05-13T16:43:37.000Z</time>
        <extensions>
          <ns3:TrackPointExtension>
            <ns3:hr>151</ns3:hr>
            <ns3:cad>88</ns3:cad>
          </ns3:TrackPointExtension>
        </extensions>
      </trkpt>
      <trkpt lat="39.0016909874975681304931640625" lon="-76.86079052276909351348876953125">
        <ele>40.200000762939453125</ele>
        <time>2025-05-13T16:43:44.000Z</time>
        <extensions>
          <ns3:TrackPointExtension>
            <ns3:hr>150</ns3:hr>
            <ns3:cad>88</ns3:cad>
          </ns3:TrackPointExtension>
        </extensions>
      </trkpt>
      <trkpt lat="39.00188486091792583465576171875" lon="-76.8608482740819454193115234375">
        <ele>40.59999847412109375</ele>
        <time>2025-05-13T16:43:52.000Z</time>
        <extensions>
          <ns3:TrackPointExtension>
            <ns3:hr>152</ns3:hr>
            <ns3:cad>87</ns3:cad>
          </ns3:TrackPointExtension>
        </extensions>
      </trkpt>
      <trkpt lat="39.0020889602601528167724609375" lon="-76.86084634624421596527099609375">
        <ele>39.799999237060546875</ele>
        <time>2025-05-13T16:44:00.000Z</time>
        <extensions>
          <ns3:TrackPointExtension>
            <ns3:hr>154</ns3:hr>
            <ns3:cad>87</ns3:cad>
          </ns3:TrackPointExtension>
        </extensions>
      </trkpt>
      <trkpt lat="39.0021352283656597137451171875" lon="-76.8608224578201770782470703125">
        <ele>39.59999847412109375</ele>
        <time>2025-05-13T16:44:01.000Z</time>
        <extensions>
          <ns3:TrackPointExtension>
            <ns3:hr>154</ns3:hr>
            <ns3:cad>86</ns3:cad>
          </ns3:TrackPointExtension>
        </extensions>
      </trkpt>
      <trkpt lat="39.0021984279155731201171875" lon="-76.86059606261551380157470703125">
        <ele>38.59999847412109375</ele>
        <time>2025-05-13T16:44:09.000Z</time>
        <extensions>
          <ns3:TrackPointExtension>
            <ns3:hr>151</ns3:hr>
            <ns3:cad>84</ns3:cad>
          </ns3:TrackPointExtension>
        </extensions>
      </trkpt>
      <trkpt lat="39.0022267587482929229736328125" lon="-76.8603544123470783233642578125">
        <ele>37.59999847412109375</ele>
        <time>2025-05-13T16:44:17.000Z</time>
        <extensions>
          <ns3:TrackPointExtension>
            <ns3:hr>152</ns3:hr>
            <ns3:cad>85</ns3:cad>
          </ns3:TrackPointExtension>
        </extensions>
      </trkpt>
      <trkpt lat="39.00223799049854278564453125" lon="-76.8602893687784671783447265625">
        <ele>37.200000762939453125</ele>
        <time>2025-05-13T16:44:19.000Z</time>
        <extensions>
          <ns3:TrackPointExtension>
            <ns3:hr>155</ns3:hr>
            <ns3:cad>85</ns3:cad>
          </ns3:TrackPointExtension>
        </extensions>
      </trkpt>
      <trkpt lat="39.0022844262421131134033203125" lon="-76.86004268936812877655029296875">
        <ele>36.40000152587890625</ele>
        <time>2025-05-13T16:44:27.000Z</time>
        <extensions>
          <ns3:TrackPointExtension>
            <ns3:hr>155</ns3:hr>
            <ns3:cad>86</ns3:cad>
          </ns3:TrackPointExtension>
        </extensions>
      </trkpt>
      <trkpt lat="39.00230026803910732269287109375" lon="-76.8597815930843353271484375">
        <ele>36</ele>
        <time>2025-05-13T16:44:35.000Z</time>
        <extensions>
          <ns3:TrackPointExtension>
            <ns3:hr>153</ns3:hr>
            <ns3:cad>85</ns3:cad>
          </ns3:TrackPointExtension>
        </extensions>
      </trkpt>
      <trkpt lat="39.00233362801373004913330078125" lon="-76.85954195447266101837158203125">
        <ele>36</ele>
        <time>2025-05-13T16:44:42.000Z</time>
        <extensions>
          <ns3:TrackPointExtension>
            <ns3:hr>154</ns3:hr>
            <ns3:cad>86</ns3:cad>
          </ns3:TrackPointExtension>
        </extensions>
      </trkpt>
      <trkpt lat="39.00234871543943881988525390625" lon="-76.85937833972275257110595703125">
        <ele>36</ele>
        <time>2025-05-13T16:44:47.000Z</time>
        <extensions>
          <ns3:TrackPointExtension>
            <ns3:hr>151</ns3:hr>
            <ns3:cad>86</ns3:cad>
          </ns3:TrackPointExtension>
        </extensions>
      </trkpt>
      <trkpt lat="39.002361707389354705810546875" lon="-76.85911975800991058349609375">
        <ele>36.40000152587890625</ele>
        <time>2025-05-13T16:44:54.000Z</time>
        <extensions>
          <ns3:TrackPointExtension>
            <ns3:hr>153</ns3:hr>
            <ns3:cad>84</ns3:cad>
          </ns3:TrackPointExtension>
        </extensions>
      </trkpt>
      <trkpt lat="39.00236799381673336029052734375" lon="-76.85897014103829860687255859375">
        <ele>36.59999847412109375</ele>
        <time>2025-05-13T16:44:58.000Z</time>
        <extensions>
          <ns3:TrackPointExtension>
            <ns3:hr>156</ns3:hr>
            <ns3:cad>85</ns3:cad>
          </ns3:TrackPointExtension>
        </extensions>
      </trkpt>
      <trkpt lat="39.00235894136130809783935546875" lon="-76.85872656293213367462158203125">
        <ele>37</ele>
        <time>2025-05-13T16:45:06.000Z</time>
        <extensions>
          <ns3:TrackPointExtension>
            <ns3:hr>156</ns3:hr>
            <ns3:cad>84</ns3:cad>
          </ns3:TrackPointExtension>
        </extensions>
      </trkpt>
      <trkpt lat="39.0023767948150634765625" lon="-76.8584966473281383514404296875">
        <ele>37</ele>
        <time>2025-05-13T16:45:13.000Z</time>
        <extensions>
          <ns3:TrackPointExtension>
            <ns3:hr>155</ns3:hr>
            <ns3:cad>86</ns3:cad>
          </ns3:TrackPointExtension>
        </extensions>
      </trkpt>
      <trkpt lat="39.002393893897533416748046875" lon="-76.85824812389910221099853515625">
        <ele>37</ele>
        <time>2025-05-13T16:45:21.000Z</time>
        <extensions>
          <ns3:TrackPointExtension>
            <ns3:hr>155</ns3:hr>
            <ns3:cad>85</ns3:cad>
          </ns3:TrackPointExtension>
        </extensions>
      </trkpt>
      <trkpt lat="39.00237604044377803802490234375" lon="-76.85801577754318714141845703125">
        <ele>37</ele>
        <time>2025-05-13T16:45:28.000Z</time>
        <extensions>
          <ns3:TrackPointExtension>
            <ns3:hr>154</ns3:hr>
            <ns3:cad>86</ns3:cad>
          </ns3:TrackPointExtension>
        </extensions>
      </trkpt>
      <trkpt lat="39.00237034074962139129638671875" lon="-76.8577640689909458160400390625">
        <ele>37.200000762939453125</ele>
        <time>2025-05-13T16:45:35.000Z</time>
        <extensions>
          <ns3:TrackPointExtension>
            <ns3:hr>152</ns3:hr>
            <ns3:cad>85</ns3:cad>
          </ns3:TrackPointExtension>
        </extensions>
      </trkpt>
      <trkpt lat="39.002361707389354705810546875" lon="-76.857526190578937530517578125">
        <ele>37.59999847412109375</ele>
        <time>2025-05-13T16:45:42.000Z</time>
        <extensions>
          <ns3:TrackPointExtension>
            <ns3:hr>154</ns3:hr>
            <ns3:cad>86</ns3:cad>
          </ns3:TrackPointExtension>
        </extensions>
      </trkpt>
      <trkpt lat="39.0023648925125598907470703125" lon="-76.857280768454074859619140625">
        <ele>39</ele>
        <time>2025-05-13T16:45:49.000Z</time>
        <extensions>
          <ns3:TrackPointExtension>
            <ns3:hr>153</ns3:hr>
            <ns3:cad>86</ns3:cad>
          </ns3:TrackPointExtension>
        </extensions>
      </trkpt>
      <trkpt lat="39.00237319059669971466064453125" lon="-76.85704682953655719757080078125">
        <ele>39.40000152587890625</ele>
        <time>2025-05-13T16:45:55.000Z</time>
        <extensions>
          <ns3:TrackPointExtension>
            <ns3:hr>153</ns3:hr>
            <ns3:cad>86</ns3:cad>
          </ns3:TrackPointExtension>
        </extensions>
      </trkpt>
      <trkpt lat="39.0023467876017093658447265625" lon="-76.85678682290017604827880859375">
        <ele>40</ele>
        <time>2025-05-13T16:46:03.000Z</time>
        <extensions>
          <ns3:TrackPointExtension>
            <ns3:hr>154</ns3:hr>
            <ns3:cad>85</ns3:cad>
          </ns3:TrackPointExtension>
        </extensions>
      </trkpt>
      <trkpt lat="39.00234335102140903472900390625" lon="-76.85655280016362667083740234375">
        <ele>40.59999847412109375</ele>
        <time>2025-05-13T16:46:10.000Z</time>
        <extensions>
          <ns3:TrackPointExtension>
            <ns3:hr>154</ns3:hr>
            <ns3:cad>88</ns3:cad>
          </ns3:TrackPointExtension>
        </extensions>
      </trkpt>
      <trkpt lat="39.00236296467483043670654296875" lon="-76.85631223954260349273681640625">
        <ele>41.40000152587890625</ele>
        <time>2025-05-13T16:46:17.000Z</time>
        <extensions>
          <ns3:TrackPointExtension>
            <ns3:hr>153</ns3:hr>
            <ns3:cad>86</ns3:cad>
          </ns3:TrackPointExtension>
        </extensions>
      </trkpt>
      <trkpt lat="39.0023538284003734588623046875" lon="-76.8560555018484592437744140625">
        <ele>42</ele>
        <time>2025-05-13T16:46:25.000Z</time>
        <extensions>
          <ns3:TrackPointExtension>
            <ns3:hr>153</ns3:hr>
            <ns3:cad>85</ns3:cad>
          </ns3:TrackPointExtension>
        </extensions>
      </trkpt>
      <trkpt lat="39.00236346758902072906494140625" lon="-76.8559619598090648651123046875">
        <ele>42</ele>
        <time>2025-05-13T16:46:28.000Z</time>
        <extensions>
          <ns3:TrackPointExtension>
            <ns3:hr>156</ns3:hr>
            <ns3:cad>84</ns3:cad>
          </ns3:TrackPointExtension>
        </extensions>
      </trkpt>
      <trkpt lat="39.002367742359638214111328125" lon="-76.85590404085814952850341796875">
        <ele>42</ele>
        <time>2025-05-13T16:46:30.000Z</time>
        <extensions>
          <ns3:TrackPointExtension>
            <ns3:hr>159</ns3:hr>
            <ns3:cad>84</ns3:cad>
          </ns3:TrackPointExtension>
        </extensions>
      </trkpt>
      <trkpt lat="39.0023608691990375518798828125" lon="-76.85581795871257781982421875">
        <ele>42</ele>
        <time>2025-05-13T16:46:33.000Z</time>
        <extensions>
          <ns3:TrackPointExtension>
            <ns3:hr>162</ns3:hr>
            <ns3:cad>83</ns3:cad>
          </ns3:TrackPointExtension>
        </extensions>
      </trkpt>
      <trkpt lat="39.0023581869900226593017578125" lon="-76.8557611294090747833251953125">
        <ele>42</ele>
        <time>2025-05-13T16:46:35.000Z</time>
        <extensions>
          <ns3:TrackPointExtension>
            <ns3:hr>165</ns3:hr>
            <ns3:cad>83</ns3:cad>
          </ns3:TrackPointExtension>
        </extensions>
      </trkpt>
      <trkpt lat="39.002358019351959228515625" lon="-76.85571192763745784759521484375">
        <ele>42</ele>
        <time>2025-05-13T16:46:37.000Z</time>
        <extensions>
          <ns3:TrackPointExtension>
            <ns3:hr>168</ns3:hr>
            <ns3:cad>82</ns3:cad>
          </ns3:TrackPointExtension>
        </extensions>
      </trkpt>
      <trkpt lat="39.00235927663743495941162109375" lon="-76.85548402369022369384765625">
        <ele>42.40000152587890625</ele>
        <time>2025-05-13T16:46:44.000Z</time>
        <extensions>
          <ns3:TrackPointExtension>
            <ns3:hr>171</ns3:hr>
            <ns3:cad>84</ns3:cad>
          </ns3:TrackPointExtension>
        </extensions>
      </trkpt>
      <trkpt lat="39.00234418921172618865966796875" lon="-76.85523684136569499969482421875">
        <ele>42.59999847412109375</ele>
        <time>2025-05-13T16:46:51.000Z</time>
        <extensions>
          <ns3:TrackPointExtension>
            <ns3:hr>170</ns3:hr>
            <ns3:cad>86</ns3:cad>
          </ns3:TrackPointExtension>
        </extensions>
      </trkpt>
      <trkpt lat="39.00233899243175983428955078125" lon="-76.85510524548590183258056640625">
        <ele>42.59999847412109375</ele>
        <time>2025-05-13T16:46:55.000Z</time>
        <extensions>
          <ns3:TrackPointExtension>
            <ns3:hr>167</ns3:hr>
            <ns3:cad>86</ns3:cad>
          </ns3:TrackPointExtension>
        </extensions>
      </trkpt>
      <trkpt lat="39.0023504756391048431396484375" lon="-76.8548691272735595703125">
        <ele>42.59999847412109375</ele>
        <time>2025-05-13T16:47:02.000Z</time>
        <extensions>
          <ns3:TrackPointExtension>
            <ns3:hr>166</ns3:hr>
            <ns3:cad>87</ns3:cad>
          </ns3:TrackPointExtension>
        </extensions>
      </trkpt>
      <trkpt lat="39.00234787724912166595458984375" lon="-76.854715235531330108642578125">
        <ele>42.59999847412109375</ele>
        <time>2025-05-13T16:47:07.000Z</time>
        <extensions>
          <ns3:TrackPointExtension>
            <ns3:hr>163</ns3:hr>
            <ns3:cad>86</ns3:cad>
          </ns3:TrackPointExtension>
        </extensions>
      </trkpt>
      <trkpt lat="39.0023367293179035186767578125" lon="-76.85447006486356258392333984375">
        <ele>42.59999847412109375</ele>
        <time>2025-05-13T16:47:14.000Z</time>
        <extensions>
          <ns3:TrackPointExtension>
            <ns3:hr>164</ns3:hr>
            <ns3:cad>85</ns3:cad>
          </ns3:TrackPointExtension>
        </extensions>
      </trkpt>
      <trkpt lat="39.00230948813259601593017578125" lon="-76.854215674102306365966796875">
        <ele>42.59999847412109375</ele>
        <time>2025-05-13T16:47:22.000Z</time>
        <extensions>
          <ns3:TrackPointExtension>
            <ns3:hr>166</ns3:hr>
            <ns3:cad>86</ns3:cad>
          </ns3:TrackPointExtension>
        </extensions>
      </trkpt>
      <trkpt lat="39.00234385393559932708740234375" lon="-76.8539560027420520782470703125">
        <ele>42.59999847412109375</ele>
        <time>2025-05-13T16:47:29.000Z</time>
        <extensions>
          <ns3:TrackPointExtension>
            <ns3:hr>164</ns3:hr>
            <ns3:cad>87</ns3:cad>
          </ns3:TrackPointExtension>
        </extensions>
      </trkpt>
      <trkpt lat="39.00233748368918895721435546875" lon="-76.85384863056242465972900390625">
        <ele>42.59999847412109375</ele>
        <time>2025-05-13T16:47:32.000Z</time>
        <extensions>
          <ns3:TrackPointExtension>
            <ns3:hr>161</ns3:hr>
            <ns3:cad>86</ns3:cad>
          </ns3:TrackPointExtension>
        </extensions>
      </trkpt>
      <trkpt lat="39.00231418199837207794189453125" lon="-76.8536143563687801361083984375">
        <ele>42.59999847412109375</ele>
        <time>2025-05-13T16:47:39.000Z</time>
        <extensions>
          <ns3:TrackPointExtension>
            <ns3:hr>161</ns3:hr>
            <ns3:cad>86</ns3:cad>
          </ns3:TrackPointExtension>
        </extensions>
      </trkpt>
      <trkpt lat="39.0023110806941986083984375" lon="-76.853375472128391265869140625">
        <ele>42.59999847412109375</ele>
        <time>2025-05-13T16:47:46.000Z</time>
        <extensions>
          <ns3:TrackPointExtension>
            <ns3:hr>164</ns3:hr>
            <ns3:cad>84</ns3:cad>
          </ns3:TrackPointExtension>
        </extensions>
      </trkpt>
      <trkpt lat="39.0023105777800083160400390625" lon="-76.85311303474009037017822265625">
        <ele>42.59999847412109375</ele>
        <time>2025-05-13T16:47:53.000Z</time>
        <extensions>
          <ns3:TrackPointExtension>
            <ns3:hr>166</ns3:hr>
            <ns3:cad>85</ns3:cad>
          </ns3:TrackPointExtension>
        </extensions>
      </trkpt>
      <trkpt lat="39.00231116451323032379150390625" lon="-76.85304128564894199371337890625">
        <ele>42.59999847412109375</ele>
        <time>2025-05-13T16:47:55.000Z</time>
        <extensions>
          <ns3:TrackPointExtension>
            <ns3:hr>169</ns3:hr>
            <ns3:cad>85</ns3:cad>
          </ns3:TrackPointExtension>
        </extensions>
      </trkpt>
      <trkpt lat="39.00232113897800445556640625" lon="-76.8529287166893482208251953125">
        <ele>42.799999237060546875</ele>
        <time>2025-05-13T16:47:58.000Z</time>
        <extensions>
          <ns3:TrackPointExtension>
            <ns3:hr>172</ns3:hr>
            <ns3:cad>86</ns3:cad>
          </ns3:TrackPointExtension>
        </extensions>
      </trkpt>
      <trkpt lat="39.002323150634765625" lon="-76.85286073945462703704833984375">
        <ele>43</ele>
        <time>2025-05-13T16:48:00.000Z</time>
        <extensions>
          <ns3:TrackPointExtension>
            <ns3:hr>175</ns3:hr>
            <ns3:cad>85</ns3:cad>
          </ns3:TrackPointExtension>
        </extensions>
      </trkpt>
      <trkpt lat="39.0023109130561351776123046875" lon="-76.85263442806899547576904296875">
        <ele>43.59999847412109375</ele>
        <time>2025-05-13T16:48:06.000Z</time>
        <extensions>
          <ns3:TrackPointExtension>
            <ns3:hr>172</ns3:hr>
            <ns3:cad>86</ns3:cad>
          </ns3:TrackPointExtension>
        </extensions>
      </trkpt>
      <trkpt lat="39.0022760443389415740966796875" lon="-76.85249109752476215362548828125">
        <ele>43.799999237060546875</ele>
        <time>2025-05-13T16:48:11.000Z</time>
        <extensions>
          <ns3:TrackPointExtension>
            <ns3:hr>170</ns3:hr>
            <ns3:cad>85</ns3:cad>
          </ns3:TrackPointExtension>
        </extensions>
      </trkpt>
      <trkpt lat="39.0021472983062267303466796875" lon="-76.8523369543254375457763671875">
        <ele>44.799999237060546875</ele>
        <time>2025-05-13T16:48:18.000Z</time>
        <extensions>
          <ns3:TrackPointExtension>
            <ns3:hr>167</ns3:hr>
            <ns3:cad>85</ns3:cad>
          </ns3:TrackPointExtension>
        </extensions>
      </trkpt>
      <trkpt lat="39.0019970946013927459716796875" lon="-76.852275766432285308837890625">
        <ele>45.799999237060546875</ele>
        <time>2025-05-13T16:48:24.000Z</time>
        <extensions>
          <ns3:TrackPointExtension>
            <ns3:hr>164</ns3:hr>
            <ns3:cad>85</ns3:cad>
          </ns3:TrackPointExtension>
        </extensions>
      </trkpt>
      <trkpt lat="39.00181395001709461212158203125" lon="-76.85217878781259059906005859375">
        <ele>46.799999237060546875</ele>
        <time>2025-05-13T16:48:33.000Z</time>
        <extensions>
          <ns3:TrackPointExtension>
            <ns3:hr>164</ns3:hr>
            <ns3:cad>84</ns3:cad>
          </ns3:TrackPointExtension>
        </extensions>
      </trkpt>
      <trkpt lat="39.00162971578538417816162109375" lon="-76.85207569040358066558837890625">
        <ele>48.59999847412109375</ele>
        <time>2025-05-13T16:48:43.000Z</time>
        <extensions>
          <ns3:TrackPointExtension>
            <ns3:hr>165</ns3:hr>
            <ns3:cad>84</ns3:cad>
          </ns3:TrackPointExtension>
        </extensions>
      </trkpt>
      <trkpt lat="39.001480601727962493896484375" lon="-76.85194426216185092926025390625">
        <ele>49.59999847412109375</ele>
        <time>2025-05-13T16:48:51.000Z</time>
        <extensions>
          <ns3:TrackPointExtension>
            <ns3:hr>165</ns3:hr>
            <ns3:cad>84</ns3:cad>
          </ns3:TrackPointExtension>
        </extensions>
      </trkpt>
      <trkpt lat="39.00131053291261196136474609375" lon="-76.85180914588272571563720703125">
        <ele>50.59999847412109375</ele>
        <time>2025-05-13T16:49:00.000Z</time>
        <extensions>
          <ns3:TrackPointExtension>
            <ns3:hr>164</ns3:hr>
            <ns3:cad>84</ns3:cad>
          </ns3:TrackPointExtension>
        </extensions>
      </trkpt>
      <trkpt lat="39.00112487375736236572265625" lon="-76.85169196687638759613037109375">
        <ele>52.40000152587890625</ele>
        <time>2025-05-13T16:49:08.000Z</time>
        <extensions>
          <ns3:TrackPointExtension>
            <ns3:hr>164</ns3:hr>
            <ns3:cad>86</ns3:cad>
          </ns3:TrackPointExtension>
        </extensions>
      </trkpt>
      <trkpt lat="39.00095279328525066375732421875" lon="-76.8515906296670436859130859375">
        <ele>54.200000762939453125</ele>
        <time>2025-05-13T16:49:14.000Z</time>
        <extensions>
          <ns3:TrackPointExtension>
            <ns3:hr>164</ns3:hr>
            <ns3:cad>87</ns3:cad>
          </ns3:TrackPointExtension>
        </extensions>
      </trkpt>
      <trkpt lat="39.00078448466956615447998046875" lon="-76.85146532021462917327880859375">
        <ele>55.40000152587890625</ele>
        <time>2025-05-13T16:49:21.000Z</time>
        <extensions>
          <ns3:TrackPointExtension>
            <ns3:hr>165</ns3:hr>
            <ns3:cad>85</ns3:cad>
          </ns3:TrackPointExtension>
        </extensions>
      </trkpt>
      <trkpt lat="39.0007284097373485565185546875" lon="-76.85123163275420665740966796875">
        <ele>56.200000762939453125</ele>
        <time>2025-05-13T16:49:28.000Z</time>
        <extensions>
          <ns3:TrackPointExtension>
            <ns3:hr>167</ns3:hr>
            <ns3:cad>86</ns3:cad>
          </ns3:TrackPointExtension>
        </extensions>
      </trkpt>
      <trkpt lat="39.0006901882588863372802734375" lon="-76.85098671354353427886962890625">
        <ele>55.799999237060546875</ele>
        <time>2025-05-13T16:49:35.000Z</time>
        <extensions>
          <ns3:TrackPointExtension>
            <ns3:hr>169</ns3:hr>
            <ns3:cad>86</ns3:cad>
          </ns3:TrackPointExtension>
        </extensions>
      </trkpt>
      <trkpt lat="39.00067158043384552001953125" lon="-76.8509247712790966033935546875">
        <ele>55.799999237060546875</ele>
        <time>2025-05-13T16:49:37.000Z</time>
        <extensions>
          <ns3:TrackPointExtension>
            <ns3:hr>175</ns3:hr>
            <ns3:cad>87</ns3:cad>
          </ns3:TrackPointExtension>
        </extensions>
      </trkpt>
      <trkpt lat="39.0006620250642299652099609375" lon="-76.850891746580600738525390625">
        <ele>55.799999237060546875</ele>
        <time>2025-05-13T16:49:38.000Z</time>
        <extensions>
          <ns3:TrackPointExtension>
            <ns3:hr>182</ns3:hr>
            <ns3:cad>87</ns3:cad>
          </ns3:TrackPointExtension>
        </extensions>
      </trkpt>
      <trkpt lat="39.0006536431610584259033203125" lon="-76.85085914097726345062255859375">
        <ele>56</ele>
        <time>2025-05-13T16:49:39.000Z</time>
        <extensions>
          <ns3:TrackPointExtension>
            <ns3:hr>186</ns3:hr>
            <ns3:cad>86</ns3:cad>
          </ns3:TrackPointExtension>
        </extensions>
      </trkpt>
      <trkpt lat="39.00064635090529918670654296875" lon="-76.8508292175829410552978515625">
        <ele>56</ele>
        <time>2025-05-13T16:49:40.000Z</time>
        <extensions>
          <ns3:TrackPointExtension>
            <ns3:hr>189</ns3:hr>
            <ns3:cad>86</ns3:cad>
          </ns3:TrackPointExtension>
        </extensions>
      </trkpt>
      <trkpt lat="39.00063268840312957763671875" lon="-76.85076870024204254150390625">
        <ele>56.200000762939453125</ele>
        <time>2025-05-13T16:49:41.000Z</time>
        <extensions>
          <ns3:TrackPointExtension>
            <ns3:hr>183</ns3:hr>
            <ns3:cad>86</ns3:cad>
          </ns3:TrackPointExtension>
        </extensions>
      </trkpt>
      <trkpt lat="39.00059320963919162750244140625" lon="-76.8505727313458919525146484375">
        <ele>56</ele>
        <time>2025-05-13T16:49:48.000Z</time>
        <extensions>
          <ns3:TrackPointExtension>
            <ns3:hr>180</ns3:hr>
            <ns3:cad>86</ns3:cad>
          </ns3:TrackPointExtension>
        </extensions>
      </trkpt>
      <trkpt lat="39.00057502090930938720703125" lon="-76.850397884845733642578125">
        <ele>55.59999847412109375</ele>
        <time>2025-05-13T16:49:53.000Z</time>
        <extensions>
          <ns3:TrackPointExtension>
            <ns3:hr>177</ns3:hr>
            <ns3:cad>86</ns3:cad>
          </ns3:TrackPointExtension>
        </extensions>
      </trkpt>
      <trkpt lat="39.00054912082850933074951171875" lon="-76.85013863258063793182373046875">
        <ele>55</ele>
        <time>2025-05-13T16:50:00.000Z</time>
        <extensions>
          <ns3:TrackPointExtension>
            <ns3:hr>176</ns3:hr>
            <ns3:cad>88</ns3:cad>
          </ns3:TrackPointExtension>
        </extensions>
      </trkpt>
      <trkpt lat="39.000510312616825103759765625" lon="-76.84988625347614288330078125">
        <ele>55.40000152587890625</ele>
        <time>2025-05-13T16:50:07.000Z</time>
        <extensions>
          <ns3:TrackPointExtension>
            <ns3:hr>177</ns3:hr>
            <ns3:cad>88</ns3:cad>
          </ns3:TrackPointExtension>
        </extensions>
      </trkpt>
      <trkpt lat="39.0004979074001312255859375" lon="-76.84977921657264232635498046875">
        <ele>55.40000152587890625</ele>
        <time>2025-05-13T16:50:10.000Z</time>
        <extensions>
          <ns3:TrackPointExtension>
            <ns3:hr>174</ns3:hr>
            <ns3:cad>86</ns3:cad>
          </ns3:TrackPointExtension>
        </extensions>
      </trkpt>
      <trkpt lat="39.00045775808393955230712890625" lon="-76.8495856784284114837646484375">
        <ele>55.40000152587890625</ele>
        <time>2025-05-13T16:50:15.000Z</time>
        <extensions>
          <ns3:TrackPointExtension>
            <ns3:hr>171</ns3:hr>
            <ns3:cad>86</ns3:cad>
          </ns3:TrackPointExtension>
        </extensions>
      </trkpt>
      <trkpt lat="39.00040176697075366973876953125" lon="-76.849327348172664642333984375">
        <ele>55.799999237060546875</ele>
        <time>2025-05-13T16:50:22.000Z</time>
        <extensions>
          <ns3:TrackPointExtension>
            <ns3:hr>171</ns3:hr>
            <ns3:cad>87</ns3:cad>
          </ns3:TrackPointExtension>
        </extensions>
      </trkpt>
      <trkpt lat="39.00038735009729862213134765625" lon="-76.84921410866081714630126953125">
        <ele>56.59999847412109375</ele>
        <time>2025-05-13T16:50:25.000Z</time>
        <extensions>
          <ns3:TrackPointExtension>
            <ns3:hr>168</ns3:hr>
            <ns3:cad>60</ns3:cad>
          </ns3:TrackPointExtension>
        </extensions>
      </trkpt>
      <trkpt lat="39.00034166872501373291015625" lon="-76.848983354866504669189453125">
        <ele>58</ele>
        <time>2025-05-13T16:50:32.000Z</time>
        <extensions>
          <ns3:TrackPointExtension>
            <ns3:hr>168</ns3:hr>
            <ns3:cad>83</ns3:cad>
          </ns3:TrackPointExtension>
        </extensions>
      </trkpt>
      <trkpt lat="39.00029749609529972076416015625" lon="-76.84875343926250934600830078125">
        <ele>60.59999847412109375</ele>
        <time>2025-05-13T16:50:39.000Z</time>
        <extensions>
          <ns3:TrackPointExtension>
            <ns3:hr>168</ns3:hr>
            <ns3:cad>84</ns3:cad>
          </ns3:TrackPointExtension>
        </extensions>
      </trkpt>
      <trkpt lat="39.00025181472301483154296875" lon="-76.84852645732462406158447265625">
        <ele>63</ele>
        <time>2025-05-13T16:50:47.000Z</time>
        <extensions>
          <ns3:TrackPointExtension>
            <ns3:hr>165</ns3:hr>
            <ns3:cad>81</ns3:cad>
          </ns3:TrackPointExtension>
        </extensions>
      </trkpt>
      <trkpt lat="39.0002070553600788116455078125" lon="-76.8482834659516811370849609375">
        <ele>64</ele>
        <time>2025-05-13T16:50:55.000Z</time>
        <extensions>
          <ns3:TrackPointExtension>
            <ns3:hr>166</ns3:hr>
            <ns3:cad>83</ns3:cad>
          </ns3:TrackPointExtension>
        </extensions>
      </trkpt>
      <trkpt lat="39.0001852624118328094482421875" lon="-76.8480444140732288360595703125">
        <ele>63.40000152587890625</ele>
        <time>2025-05-13T16:51:03.000Z</time>
        <extensions>
          <ns3:TrackPointExtension>
            <ns3:hr>167</ns3:hr>
            <ns3:cad>83</ns3:cad>
          </ns3:TrackPointExtension>
        </extensions>
      </trkpt>
      <trkpt lat="39.00013111531734466552734375" lon="-76.84780192561447620391845703125">
        <ele>63</ele>
        <time>2025-05-13T16:51:13.000Z</time>
        <extensions>
          <ns3:TrackPointExtension>
            <ns3:hr>167</ns3:hr>
            <ns3:cad>81</ns3:cad>
          </ns3:TrackPointExtension>
        </extensions>
      </trkpt>
      <trkpt lat="38.9999936521053314208984375" lon="-76.8477062880992889404296875">
        <ele>63</ele>
        <time>2025-05-13T16:51:19.000Z</time>
        <extensions>
          <ns3:TrackPointExtension>
            <ns3:hr>170</ns3:hr>
            <ns3:cad>84</ns3:cad>
          </ns3:TrackPointExtension>
        </extensions>
      </trkpt>
      <trkpt lat="38.999820314347743988037109375" lon="-76.84760042466223239898681640625">
        <ele>63.59999847412109375</ele>
        <time>2025-05-13T16:51:26.000Z</time>
        <extensions>
          <ns3:TrackPointExtension>
            <ns3:hr>168</ns3:hr>
            <ns3:cad>86</ns3:cad>
          </ns3:TrackPointExtension>
        </extensions>
      </trkpt>
      <trkpt lat="38.99978578090667724609375" lon="-76.8475478701293468475341796875">
        <ele>63.799999237060546875</ele>
        <time>2025-05-13T16:51:27.000Z</time>
        <extensions>
          <ns3:TrackPointExtension>
            <ns3:hr>168</ns3:hr>
            <ns3:cad>86</ns3:cad>
          </ns3:TrackPointExtension>
        </extensions>
      </trkpt>
      <trkpt lat="38.999741189181804656982421875" lon="-76.84742130339145660400390625">
        <ele>64</ele>
        <time>2025-05-13T16:51:32.000Z</time>
        <extensions>
          <ns3:TrackPointExtension>
            <ns3:hr>165</ns3:hr>
            <ns3:cad>86</ns3:cad>
          </ns3:TrackPointExtension>
        </extensions>
      </trkpt>
      <trkpt lat="38.999720402061939239501953125" lon="-76.84725006110966205596923828125">
        <ele>64.40000152587890625</ele>
        <time>2025-05-13T16:51:37.000Z</time>
        <extensions>
          <ns3:TrackPointExtension>
            <ns3:hr>168</ns3:hr>
            <ns3:cad>86</ns3:cad>
          </ns3:TrackPointExtension>
        </extensions>
      </trkpt>
      <trkpt lat="38.9996991120278835296630859375" lon="-76.847020648419857025146484375">
        <ele>64</ele>
        <time>2025-05-13T16:51:44.000Z</time>
        <extensions>
          <ns3:TrackPointExtension>
            <ns3:hr>167</ns3:hr>
            <ns3:cad>86</ns3:cad>
          </ns3:TrackPointExtension>
        </extensions>
      </trkpt>
      <trkpt lat="38.99966415949165821075439453125" lon="-76.8467924930155277252197265625">
        <ele>64</ele>
        <time>2025-05-13T16:51:52.000Z</time>
        <extensions>
          <ns3:TrackPointExtension>
            <ns3:hr>168</ns3:hr>
            <ns3:cad>86</ns3:cad>
          </ns3:TrackPointExtension>
        </extensions>
      </trkpt>
      <trkpt lat="38.99963197298347949981689453125" lon="-76.84655486606061458587646484375">
        <ele>63.59999847412109375</ele>
        <time>2025-05-13T16:51:59.000Z</time>
        <extensions>
          <ns3:TrackPointExtension>
            <ns3:hr>169</ns3:hr>
            <ns3:cad>87</ns3:cad>
          </ns3:TrackPointExtension>
        </extensions>
      </trkpt>
      <trkpt lat="38.9995864592492580413818359375" lon="-76.84630625881254673004150390625">
        <ele>63.40000152587890625</ele>
        <time>2025-05-13T16:52:06.000Z</time>
        <extensions>
          <ns3:TrackPointExtension>
            <ns3:hr>168</ns3:hr>
            <ns3:cad>87</ns3:cad>
          </ns3:TrackPointExtension>
        </extensions>
      </trkpt>
      <trkpt lat="38.99951563216745853424072265625" lon="-76.8460649438202381134033203125">
        <ele>63.40000152587890625</ele>
        <time>2025-05-13T16:52:13.000Z</time>
        <extensions>
          <ns3:TrackPointExtension>
            <ns3:hr>168</ns3:hr>
            <ns3:cad>88</ns3:cad>
          </ns3:TrackPointExtension>
        </extensions>
      </trkpt>
      <trkpt lat="38.9994201622903347015380859375" lon="-76.84582932852208614349365234375">
        <ele>63.59999847412109375</ele>
        <time>2025-05-13T16:52:20.000Z</time>
        <extensions>
          <ns3:TrackPointExtension>
            <ns3:hr>166</ns3:hr>
            <ns3:cad>87</ns3:cad>
          </ns3:TrackPointExtension>
        </extensions>
      </trkpt>
      <trkpt lat="38.99935905821621417999267578125" lon="-76.8457035161554813385009765625">
        <ele>63.799999237060546875</ele>
        <time>2025-05-13T16:52:24.000Z</time>
        <extensions>
          <ns3:TrackPointExtension>
            <ns3:hr>163</ns3:hr>
            <ns3:cad>87</ns3:cad>
          </ns3:TrackPointExtension>
        </extensions>
      </trkpt>
      <trkpt lat="38.99926685728132724761962890625" lon="-76.84549790807068347930908203125">
        <ele>63.40000152587890625</ele>
        <time>2025-05-13T16:52:31.000Z</time>
        <extensions>
          <ns3:TrackPointExtension>
            <ns3:hr>164</ns3:hr>
            <ns3:cad>87</ns3:cad>
          </ns3:TrackPointExtension>
        </extensions>
      </trkpt>
      <trkpt lat="38.9991472475230693817138671875" lon="-76.84531300328671932220458984375">
        <ele>63</ele>
        <time>2025-05-13T16:52:38.000Z</time>
        <extensions>
          <ns3:TrackPointExtension>
            <ns3:hr>164</ns3:hr>
            <ns3:cad>86</ns3:cad>
          </ns3:TrackPointExtension>
        </extensions>
      </trkpt>
      <trkpt lat="38.99901640601456165313720703125" lon="-76.8451179563999176025390625">
        <ele>62.59999847412109375</ele>
        <time>2025-05-13T16:52:45.000Z</time>
        <extensions>
          <ns3:TrackPointExtension>
            <ns3:hr>165</ns3:hr>
            <ns3:cad>87</ns3:cad>
          </ns3:TrackPointExtension>
        </extensions>
      </trkpt>
      <trkpt lat="38.9988709799945354461669921875" lon="-76.84493715874850749969482421875">
        <ele>61.200000762939453125</ele>
        <time>2025-05-13T16:52:52.000Z</time>
        <extensions>
          <ns3:TrackPointExtension>
            <ns3:hr>167</ns3:hr>
            <ns3:cad>86</ns3:cad>
          </ns3:TrackPointExtension>
        </extensions>
      </trkpt>
      <trkpt lat="38.99880819953978061676025390625" lon="-76.84485401026904582977294921875">
        <ele>61</ele>
        <time>2025-05-13T16:52:55.000Z</time>
        <extensions>
          <ns3:TrackPointExtension>
            <ns3:hr>164</ns3:hr>
            <ns3:cad>88</ns3:cad>
          </ns3:TrackPointExtension>
        </extensions>
      </trkpt>
      <trkpt lat="38.9986567385494709014892578125" lon="-76.84467832557857036590576171875">
        <ele>60.40000152587890625</ele>
        <time>2025-05-13T16:53:02.000Z</time>
        <extensions>
          <ns3:TrackPointExtension>
            <ns3:hr>162</ns3:hr>
            <ns3:cad>86</ns3:cad>
          </ns3:TrackPointExtension>
        </extensions>
      </trkpt>
      <trkpt lat="38.9985283277928829193115234375" lon="-76.8444978632032871246337890625">
        <ele>58.799999237060546875</ele>
        <time>2025-05-13T16:53:09.000Z</time>
        <extensions>
          <ns3:TrackPointExtension>
            <ns3:hr>162</ns3:hr>
            <ns3:cad>87</ns3:cad>
          </ns3:TrackPointExtension>
        </extensions>
      </trkpt>
      <trkpt lat="38.99839078076183795928955078125" lon="-76.844314634799957275390625">
        <ele>57</ele>
        <time>2025-05-13T16:53:16.000Z</time>
        <extensions>
          <ns3:TrackPointExtension>
            <ns3:hr>162</ns3:hr>
            <ns3:cad>86</ns3:cad>
          </ns3:TrackPointExtension>
        </extensions>
      </trkpt>
      <trkpt lat="38.99826354347169399261474609375" lon="-76.84414104558527469635009765625">
        <ele>56</ele>
        <time>2025-05-13T16:53:23.000Z</time>
        <extensions>
          <ns3:TrackPointExtension>
            <ns3:hr>164</ns3:hr>
            <ns3:cad>86</ns3:cad>
          </ns3:TrackPointExtension>
        </extensions>
      </trkpt>
      <trkpt lat="38.99815876968204975128173828125" lon="-76.8440254591405391693115234375">
        <ele>55</ele>
        <time>2025-05-13T16:53:28.000Z</time>
        <extensions>
          <ns3:TrackPointExtension>
            <ns3:hr>167</ns3:hr>
            <ns3:cad>87</ns3:cad>
          </ns3:TrackPointExtension>
        </extensions>
      </trkpt>
      <trkpt lat="38.9980170316994190216064453125" lon="-76.84387550689280033111572265625">
        <ele>53.40000152587890625</ele>
        <time>2025-05-13T16:53:35.000Z</time>
        <extensions>
          <ns3:TrackPointExtension>
            <ns3:hr>165</ns3:hr>
            <ns3:cad>86</ns3:cad>
          </ns3:TrackPointExtension>
        </extensions>
      </trkpt>
      <trkpt lat="38.99793446995317935943603515625" lon="-76.8438004888594150543212890625">
        <ele>53.799999237060546875</ele>
        <time>2025-05-13T16:53:39.000Z</time>
        <extensions>
          <ns3:TrackPointExtension>
            <ns3:hr>168</ns3:hr>
            <ns3:cad>87</ns3:cad>
          </ns3:TrackPointExtension>
        </extensions>
      </trkpt>
      <trkpt lat="38.997773788869380950927734375" lon="-76.843670569360256195068359375">
        <ele>55</ele>
        <time>2025-05-13T16:53:46.000Z</time>
        <extensions>
          <ns3:TrackPointExtension>
            <ns3:hr>169</ns3:hr>
            <ns3:cad>87</ns3:cad>
          </ns3:TrackPointExtension>
        </extensions>
      </trkpt>
      <trkpt lat="38.9975989423692226409912109375" lon="-76.8435413204133510589599609375">
        <ele>56.200000762939453125</ele>
        <time>2025-05-13T16:53:53.000Z</time>
        <extensions>
          <ns3:TrackPointExtension>
            <ns3:hr>170</ns3:hr>
            <ns3:cad>86</ns3:cad>
          </ns3:TrackPointExtension>
        </extensions>
      </trkpt>
      <trkpt lat="38.99740825407207012176513671875" lon="-76.843447946012020111083984375">
        <ele>57.40000152587890625</ele>
        <time>2025-05-13T16:54:00.000Z</time>
        <extensions>
          <ns3:TrackPointExtension>
            <ns3:hr>169</ns3:hr>
            <ns3:cad>88</ns3:cad>
          </ns3:TrackPointExtension>
        </extensions>
      </trkpt>
      <trkpt lat="38.997223265469074249267578125" lon="-76.84336312115192413330078125">
        <ele>58.40000152587890625</ele>
        <time>2025-05-13T16:54:07.000Z</time>
        <extensions>
          <ns3:TrackPointExtension>
            <ns3:hr>168</ns3:hr>
            <ns3:cad>86</ns3:cad>
          </ns3:TrackPointExtension>
        </extensions>
      </trkpt>
      <trkpt lat="38.99703844450414180755615234375" lon="-76.84329740703105926513671875">
        <ele>59.40000152587890625</ele>
        <time>2025-05-13T16:54:14.000Z</time>
        <extensions>
          <ns3:TrackPointExtension>
            <ns3:hr>166</ns3:hr>
            <ns3:cad>86</ns3:cad>
          </ns3:TrackPointExtension>
        </extensions>
      </trkpt>
      <trkpt lat="38.99685102514922618865966796875" lon="-76.8432301841676235198974609375">
        <ele>60.200000762939453125</ele>
        <time>2025-05-13T16:54:21.000Z</time>
        <extensions>
          <ns3:TrackPointExtension>
            <ns3:hr>166</ns3:hr>
            <ns3:cad>86</ns3:cad>
          </ns3:TrackPointExtension>
        </extensions>
      </trkpt>
      <trkpt lat="38.99666226468980312347412109375" lon="-76.843183077871799468994140625">
        <ele>60.799999237060546875</ele>
        <time>2025-05-13T16:54:28.000Z</time>
        <extensions>
          <ns3:TrackPointExtension>
            <ns3:hr>164</ns3:hr>
            <ns3:cad>86</ns3:cad>
          </ns3:TrackPointExtension>
        </extensions>
      </trkpt>
      <trkpt lat="38.9964828081429004669189453125" lon="-76.84315717779099941253662109375">
        <ele>61.40000152587890625</ele>
        <time>2025-05-13T16:54:35.000Z</time>
        <extensions>
          <ns3:TrackPointExtension>
            <ns3:hr>165</ns3:hr>
            <ns3:cad>86</ns3:cad>
          </ns3:TrackPointExtension>
        </extensions>
      </trkpt>
      <trkpt lat="38.996301256120204925537109375" lon="-76.84315701015293598175048828125">
        <ele>62</ele>
        <time>2025-05-13T16:54:42.000Z</time>
        <extensions>
          <ns3:TrackPointExtension>
            <ns3:hr>165</ns3:hr>
            <ns3:cad>87</ns3:cad>
          </ns3:TrackPointExtension>
        </extensions>
      </trkpt>
      <trkpt lat="38.996122218668460845947265625" lon="-76.8432001769542694091796875">
        <ele>62.799999237060546875</ele>
        <time>2025-05-13T16:54:49.000Z</time>
        <extensions>
          <ns3:TrackPointExtension>
            <ns3:hr>167</ns3:hr>
            <ns3:cad>87</ns3:cad>
          </ns3:TrackPointExtension>
        </extensions>
      </trkpt>
      <trkpt lat="38.9959413371980190277099609375" lon="-76.84319875203073024749755859375">
        <ele>63.40000152587890625</ele>
        <time>2025-05-13T16:54:56.000Z</time>
        <extensions>
          <ns3:TrackPointExtension>
            <ns3:hr>168</ns3:hr>
            <ns3:cad>86</ns3:cad>
          </ns3:TrackPointExtension>
        </extensions>
      </trkpt>
      <trkpt lat="38.9958819933235645294189453125" lon="-76.8431319482624530792236328125">
        <ele>63.40000152587890625</ele>
        <time>2025-05-13T16:54:59.000Z</time>
        <extensions>
          <ns3:TrackPointExtension>
            <ns3:hr>169</ns3:hr>
            <ns3:cad>86</ns3:cad>
          </ns3:TrackPointExtension>
        </extensions>
      </trkpt>
      <trkpt lat="38.99579674936830997467041015625" lon="-76.8429016135632991790771484375">
        <ele>63.200000762939453125</ele>
        <time>2025-05-13T16:55:06.000Z</time>
        <extensions>
          <ns3:TrackPointExtension>
            <ns3:hr>167</ns3:hr>
            <ns3:cad>86</ns3:cad>
          </ns3:TrackPointExtension>
        </extensions>
      </trkpt>
      <trkpt lat="38.9957395009696483612060546875" lon="-76.84265426360070705413818359375">
        <ele>63.200000762939453125</ele>
        <time>2025-05-13T16:55:13.000Z</time>
        <extensions>
          <ns3:TrackPointExtension>
            <ns3:hr>167</ns3:hr>
            <ns3:cad>86</ns3:cad>
          </ns3:TrackPointExtension>
        </extensions>
      </trkpt>
      <trkpt lat="38.99571242742240428924560546875" lon="-76.8424089252948760986328125">
        <ele>62.799999237060546875</ele>
        <time>2025-05-13T16:55:20.000Z</time>
        <extensions>
          <ns3:TrackPointExtension>
            <ns3:hr>166</ns3:hr>
            <ns3:cad>86</ns3:cad>
          </ns3:TrackPointExtension>
        </extensions>
      </trkpt>
      <trkpt lat="38.9956858567893505096435546875" lon="-76.842159815132617950439453125">
        <ele>62.59999847412109375</ele>
        <time>2025-05-13T16:55:27.000Z</time>
        <extensions>
          <ns3:TrackPointExtension>
            <ns3:hr>166</ns3:hr>
            <ns3:cad>86</ns3:cad>
          </ns3:TrackPointExtension>
        </extensions>
      </trkpt>
      <trkpt lat="38.995652832090854644775390625" lon="-76.8419152311980724334716796875">
        <ele>63.799999237060546875</ele>
        <time>2025-05-13T16:55:34.000Z</time>
        <extensions>
          <ns3:TrackPointExtension>
            <ns3:hr>167</ns3:hr>
            <ns3:cad>87</ns3:cad>
          </ns3:TrackPointExtension>
        </extensions>
      </trkpt>
      <trkpt lat="38.9956204779446125030517578125" lon="-76.84166871942579746246337890625">
        <ele>64.40000152587890625</ele>
        <time>2025-05-13T16:55:41.000Z</time>
        <extensions>
          <ns3:TrackPointExtension>
            <ns3:hr>168</ns3:hr>
            <ns3:cad>86</ns3:cad>
          </ns3:TrackPointExtension>
        </extensions>
      </trkpt>
      <trkpt lat="38.99560480378568172454833984375" lon="-76.841407455503940582275390625">
        <ele>65.40000152587890625</ele>
        <time>2025-05-13T16:55:48.000Z</time>
        <extensions>
          <ns3:TrackPointExtension>
            <ns3:hr>166</ns3:hr>
            <ns3:cad>84</ns3:cad>
          </ns3:TrackPointExtension>
        </extensions>
      </trkpt>
      <trkpt lat="38.9956164546310901641845703125" lon="-76.8412004224956035614013671875">
        <ele>66.1999969482421875</ele>
        <time>2025-05-13T16:55:54.000Z</time>
        <extensions>
          <ns3:TrackPointExtension>
            <ns3:hr>169</ns3:hr>
            <ns3:cad>85</ns3:cad>
          </ns3:TrackPointExtension>
        </extensions>
      </trkpt>
      <trkpt lat="38.995644114911556243896484375" lon="-76.84107360430061817169189453125">
        <ele>66.40000152587890625</ele>
        <time>2025-05-13T16:55:58.000Z</time>
        <extensions>
          <ns3:TrackPointExtension>
            <ns3:hr>172</ns3:hr>
            <ns3:cad>85</ns3:cad>
          </ns3:TrackPointExtension>
        </extensions>
      </trkpt>
      <trkpt lat="38.99568694643676280975341796875" lon="-76.8408450298011302947998046875">
        <ele>66.59999847412109375</ele>
        <time>2025-05-13T16:56:06.000Z</time>
        <extensions>
          <ns3:TrackPointExtension>
            <ns3:hr>169</ns3:hr>
            <ns3:cad>85</ns3:cad>
          </ns3:TrackPointExtension>
        </extensions>
      </trkpt>
      <trkpt lat="38.9957220666110515594482421875" lon="-76.84073279611766338348388671875">
        <ele>66.40000152587890625</ele>
        <time>2025-05-13T16:56:10.000Z</time>
        <extensions>
          <ns3:TrackPointExtension>
            <ns3:hr>172</ns3:hr>
            <ns3:cad>86</ns3:cad>
          </ns3:TrackPointExtension>
        </extensions>
      </trkpt>
      <trkpt lat="38.9958273433148860931396484375" lon="-76.84050547890365123748779296875">
        <ele>66</ele>
        <time>2025-05-13T16:56:18.000Z</time>
        <extensions>
          <ns3:TrackPointExtension>
            <ns3:hr>170</ns3:hr>
            <ns3:cad>85</ns3:cad>
          </ns3:TrackPointExtension>
        </extensions>
      </trkpt>
      <trkpt lat="38.99592281319200992584228515625" lon="-76.84028662741184234619140625">
        <ele>65.59999847412109375</ele>
        <time>2025-05-13T16:56:25.000Z</time>
        <extensions>
          <ns3:TrackPointExtension>
            <ns3:hr>169</ns3:hr>
            <ns3:cad>84</ns3:cad>
          </ns3:TrackPointExtension>
        </extensions>
      </trkpt>
      <trkpt lat="38.99607737548649311065673828125" lon="-76.84018202126026153564453125">
        <ele>65.1999969482421875</ele>
        <time>2025-05-13T16:56:32.000Z</time>
        <extensions>
          <ns3:TrackPointExtension>
            <ns3:hr>168</ns3:hr>
            <ns3:cad>84</ns3:cad>
          </ns3:TrackPointExtension>
        </extensions>
      </trkpt>
      <trkpt lat="38.99623746983706951141357421875" lon="-76.84033834375441074371337890625">
        <ele>63.59999847412109375</ele>
        <time>2025-05-13T16:56:40.000Z</time>
        <extensions>
          <ns3:TrackPointExtension>
            <ns3:hr>169</ns3:hr>
            <ns3:cad>85</ns3:cad>
          </ns3:TrackPointExtension>
        </extensions>
      </trkpt>
      <trkpt lat="38.99636370129883289337158203125" lon="-76.84051017276942729949951171875">
        <ele>63.200000762939453125</ele>
        <time>2025-05-13T16:56:47.000Z</time>
        <extensions>
          <ns3:TrackPointExtension>
            <ns3:hr>167</ns3:hr>
            <ns3:cad>85</ns3:cad>
          </ns3:TrackPointExtension>
        </extensions>
      </trkpt>
      <trkpt lat="38.99647803045809268951416015625" lon="-76.84069222770631313323974609375">
        <ele>63.200000762939453125</ele>
        <time>2025-05-13T16:56:54.000Z</time>
        <extensions>
          <ns3:TrackPointExtension>
            <ns3:hr>167</ns3:hr>
            <ns3:cad>85</ns3:cad>
          </ns3:TrackPointExtension>
        </extensions>
      </trkpt>
      <trkpt lat="38.9966102130711078643798828125" lon="-76.8408617936074733734130859375">
        <ele>62.799999237060546875</ele>
        <time>2025-05-13T16:57:01.000Z</time>
        <extensions>
          <ns3:TrackPointExtension>
            <ns3:hr>167</ns3:hr>
            <ns3:cad>85</ns3:cad>
          </ns3:TrackPointExtension>
        </extensions>
      </trkpt>
      <trkpt lat="38.996772654354572296142578125" lon="-76.84099280275404453277587890625">
        <ele>62</ele>
        <time>2025-05-13T16:57:08.000Z</time>
        <extensions>
          <ns3:TrackPointExtension>
            <ns3:hr>166</ns3:hr>
            <ns3:cad>85</ns3:cad>
          </ns3:TrackPointExtension>
        </extensions>
      </trkpt>
      <trkpt lat="38.99695227853953838348388671875" lon="-76.84107410721480846405029296875">
        <ele>61.799999237060546875</ele>
        <time>2025-05-13T16:57:15.000Z</time>
        <extensions>
          <ns3:TrackPointExtension>
            <ns3:hr>166</ns3:hr>
            <ns3:cad>85</ns3:cad>
          </ns3:TrackPointExtension>
        </extensions>
      </trkpt>
      <trkpt lat="38.996980190277099609375" lon="-76.841082908213138580322265625">
        <ele>61.59999847412109375</ele>
        <time>2025-05-13T16:57:16.000Z</time>
        <extensions>
          <ns3:TrackPointExtension>
            <ns3:hr>166</ns3:hr>
            <ns3:cad>85</ns3:cad>
          </ns3:TrackPointExtension>
        </extensions>
      </trkpt>
      <trkpt lat="38.997177667915821075439453125" lon="-76.8411155976355075836181640625">
        <ele>60.799999237060546875</ele>
        <time>2025-05-13T16:57:24.000Z</time>
        <extensions>
          <ns3:TrackPointExtension>
            <ns3:hr>167</ns3:hr>
            <ns3:cad>85</ns3:cad>
          </ns3:TrackPointExtension>
        </extensions>
      </trkpt>
      <trkpt lat="38.99738059379160404205322265625" lon="-76.84109506197273731231689453125">
        <ele>60.200000762939453125</ele>
        <time>2025-05-13T16:57:32.000Z</time>
        <extensions>
          <ns3:TrackPointExtension>
            <ns3:hr>166</ns3:hr>
            <ns3:cad>84</ns3:cad>
          </ns3:TrackPointExtension>
        </extensions>
      </trkpt>
      <trkpt lat="38.9975707791745662689208984375" lon="-76.8411001749336719512939453125">
        <ele>59.40000152587890625</ele>
        <time>2025-05-13T16:57:39.000Z</time>
        <extensions>
          <ns3:TrackPointExtension>
            <ns3:hr>167</ns3:hr>
            <ns3:cad>85</ns3:cad>
          </ns3:TrackPointExtension>
        </extensions>
      </trkpt>
      <trkpt lat="38.99777336977422237396240234375" lon="-76.84111274778842926025390625">
        <ele>58</ele>
        <time>2025-05-13T16:57:48.000Z</time>
        <extensions>
          <ns3:TrackPointExtension>
            <ns3:hr>168</ns3:hr>
            <ns3:cad>86</ns3:cad>
          </ns3:TrackPointExtension>
        </extensions>
      </trkpt>
      <trkpt lat="38.9979620464146137237548828125" lon="-76.84111031703650951385498046875">
        <ele>57.40000152587890625</ele>
        <time>2025-05-13T16:57:56.000Z</time>
        <extensions>
          <ns3:TrackPointExtension>
            <ns3:hr>168</ns3:hr>
            <ns3:cad>85</ns3:cad>
          </ns3:TrackPointExtension>
        </extensions>
      </trkpt>
      <trkpt lat="38.99816815741360187530517578125" lon="-76.84111517854034900665283203125">
        <ele>56.200000762939453125</ele>
        <time>2025-05-13T16:58:04.000Z</time>
        <extensions>
          <ns3:TrackPointExtension>
            <ns3:hr>167</ns3:hr>
            <ns3:cad>85</ns3:cad>
          </ns3:TrackPointExtension>
        </extensions>
      </trkpt>
      <trkpt lat="38.99836865253746509552001953125" lon="-76.84109673835337162017822265625">
        <ele>54.799999237060546875</ele>
        <time>2025-05-13T16:58:11.000Z</time>
        <extensions>
          <ns3:TrackPointExtension>
            <ns3:hr>167</ns3:hr>
            <ns3:cad>85</ns3:cad>
          </ns3:TrackPointExtension>
        </extensions>
      </trkpt>
      <trkpt lat="38.99857685901224613189697265625" lon="-76.84112347662448883056640625">
        <ele>52.799999237060546875</ele>
        <time>2025-05-13T16:58:18.000Z</time>
        <extensions>
          <ns3:TrackPointExtension>
            <ns3:hr>168</ns3:hr>
            <ns3:cad>85</ns3:cad>
          </ns3:TrackPointExtension>
        </extensions>
      </trkpt>
      <trkpt lat="38.99876427836716175079345703125" lon="-76.8411169387400150299072265625">
        <ele>50.59999847412109375</ele>
        <time>2025-05-13T16:58:24.000Z</time>
        <extensions>
          <ns3:TrackPointExtension>
            <ns3:hr>166</ns3:hr>
            <ns3:cad>85</ns3:cad>
          </ns3:TrackPointExtension>
        </extensions>
      </trkpt>
      <trkpt lat="38.9989449083805084228515625" lon="-76.8411172740161418914794921875">
        <ele>49</ele>
        <time>2025-05-13T16:58:30.000Z</time>
        <extensions>
          <ns3:TrackPointExtension>
            <ns3:hr>166</ns3:hr>
            <ns3:cad>85</ns3:cad>
          </ns3:TrackPointExtension>
        </extensions>
      </trkpt>
      <trkpt lat="38.9991294778883457183837890625" lon="-76.84113009832799434661865234375">
        <ele>47.59999847412109375</ele>
        <time>2025-05-13T16:58:36.000Z</time>
        <extensions>
          <ns3:TrackPointExtension>
            <ns3:hr>165</ns3:hr>
            <ns3:cad>86</ns3:cad>
          </ns3:TrackPointExtension>
        </extensions>
      </trkpt>
      <trkpt lat="38.9993262849748134613037109375" lon="-76.8411269970238208770751953125">
        <ele>47.40000152587890625</ele>
        <time>2025-05-13T16:58:43.000Z</time>
        <extensions>
          <ns3:TrackPointExtension>
            <ns3:hr>165</ns3:hr>
            <ns3:cad>86</ns3:cad>
          </ns3:TrackPointExtension>
        </extensions>
      </trkpt>
      <trkpt lat="38.999491743743419647216796875" lon="-76.8412369675934314727783203125">
        <ele>46.200000762939453125</ele>
        <time>2025-05-13T16:58:51.000Z</time>
        <extensions>
          <ns3:TrackPointExtension>
            <ns3:hr>167</ns3:hr>
            <ns3:cad>88</ns3:cad>
          </ns3:TrackPointExtension>
        </extensions>
      </trkpt>
      <trkpt lat="38.999490402638912200927734375" lon="-76.8414971418678760528564453125">
        <ele>46</ele>
        <time>2025-05-13T16:58:58.000Z</time>
        <extensions>
          <ns3:TrackPointExtension>
            <ns3:hr>167</ns3:hr>
            <ns3:cad>85</ns3:cad>
          </ns3:TrackPointExtension>
        </extensions>
      </trkpt>
      <trkpt lat="38.999533988535404205322265625" lon="-76.84173661284148693084716796875">
        <ele>45.59999847412109375</ele>
        <time>2025-05-13T16:59:05.000Z</time>
        <extensions>
          <ns3:TrackPointExtension>
            <ns3:hr>171</ns3:hr>
            <ns3:cad>85</ns3:cad>
          </ns3:TrackPointExtension>
        </extensions>
      </trkpt>
      <trkpt lat="38.9997281134128570556640625" lon="-76.8417482636868953704833984375">
        <ele>44.40000152587890625</ele>
        <time>2025-05-13T16:59:11.000Z</time>
        <extensions>
          <ns3:TrackPointExtension>
            <ns3:hr>172</ns3:hr>
            <ns3:cad>87</ns3:cad>
          </ns3:TrackPointExtension>
        </extensions>
      </trkpt>
      <trkpt lat="38.99991109035909175872802734375" lon="-76.84175220318138599395751953125">
        <ele>45.40000152587890625</ele>
        <time>2025-05-13T16:59:18.000Z</time>
        <extensions>
          <ns3:TrackPointExtension>
            <ns3:hr>171</ns3:hr>
            <ns3:cad>83</ns3:cad>
          </ns3:TrackPointExtension>
        </extensions>
      </trkpt>
      <trkpt lat="39.0001078136265277862548828125" lon="-76.8417834676802158355712890625">
        <ele>46</ele>
        <time>2025-05-13T16:59:29.000Z</time>
        <extensions>
          <ns3:TrackPointExtension>
            <ns3:hr>172</ns3:hr>
            <ns3:cad>84</ns3:cad>
          </ns3:TrackPointExtension>
        </extensions>
      </trkpt>
      <trkpt lat="39.00029548443853855133056640625" lon="-76.84178874827921390533447265625">
        <ele>47.40000152587890625</ele>
        <time>2025-05-13T16:59:36.000Z</time>
        <extensions>
          <ns3:TrackPointExtension>
            <ns3:hr>173</ns3:hr>
            <ns3:cad>84</ns3:cad>
          </ns3:TrackPointExtension>
        </extensions>
      </trkpt>
      <trkpt lat="39.00048424489796161651611328125" lon="-76.8418081104755401611328125">
        <ele>48.200000762939453125</ele>
        <time>2025-05-13T16:59:43.000Z</time>
        <extensions>
          <ns3:TrackPointExtension>
            <ns3:hr>171</ns3:hr>
            <ns3:cad>84</ns3:cad>
          </ns3:TrackPointExtension>
        </extensions>
      </trkpt>
      <trkpt lat="39.00066889822483062744140625" lon="-76.841807104647159576416015625">
        <ele>49.200000762939453125</ele>
        <time>2025-05-13T16:59:50.000Z</time>
        <extensions>
          <ns3:TrackPointExtension>
            <ns3:hr>172</ns3:hr>
            <ns3:cad>84</ns3:cad>
          </ns3:TrackPointExtension>
        </extensions>
      </trkpt>
      <trkpt lat="39.00083175860345363616943359375" lon="-76.84172772802412509918212890625">
        <ele>51</ele>
        <time>2025-05-13T16:59:58.000Z</time>
        <extensions>
          <ns3:TrackPointExtension>
            <ns3:hr>171</ns3:hr>
            <ns3:cad>86</ns3:cad>
          </ns3:TrackPointExtension>
        </extensions>
      </trkpt>
      <trkpt lat="39.00087668560445308685302734375" lon="-76.84149487875401973724365234375">
        <ele>52.799999237060546875</ele>
        <time>2025-05-13T17:00:06.000Z</time>
        <extensions>
          <ns3:TrackPointExtension>
            <ns3:hr>173</ns3:hr>
            <ns3:cad>82</ns3:cad>
          </ns3:TrackPointExtension>
        </extensions>
      </trkpt>
      <trkpt lat="39.0008906833827495574951171875" lon="-76.84123604558408260345458984375">
        <ele>54.59999847412109375</ele>
        <time>2025-05-13T17:00:15.000Z</time>
        <extensions>
          <ns3:TrackPointExtension>
            <ns3:hr>173</ns3:hr>
            <ns3:cad>81</ns3:cad>
          </ns3:TrackPointExtension>
        </extensions>
      </trkpt>
      <trkpt lat="39.00090920738875865936279296875" lon="-76.84098307974636554718017578125">
        <ele>56.40000152587890625</ele>
        <time>2025-05-13T17:00:24.000Z</time>
        <extensions>
          <ns3:TrackPointExtension>
            <ns3:hr>173</ns3:hr>
            <ns3:cad>81</ns3:cad>
          </ns3:TrackPointExtension>
        </extensions>
      </trkpt>
      <trkpt lat="39.00089797563850879669189453125" lon="-76.84078644029796123504638671875">
        <ele>57</ele>
        <time>2025-05-13T17:00:30.000Z</time>
        <extensions>
          <ns3:TrackPointExtension>
            <ns3:hr>176</ns3:hr>
            <ns3:cad>80</ns3:cad>
          </ns3:TrackPointExtension>
        </extensions>
      </trkpt>
      <trkpt lat="39.00089244358241558074951171875" lon="-76.84054302982985973358154296875">
        <ele>58.59999847412109375</ele>
        <time>2025-05-13T17:00:38.000Z</time>
        <extensions>
          <ns3:TrackPointExtension>
            <ns3:hr>174</ns3:hr>
            <ns3:cad>83</ns3:cad>
          </ns3:TrackPointExtension>
        </extensions>
      </trkpt>
      <trkpt lat="39.00090820156037807464599609375" lon="-76.84028134681284427642822265625">
        <ele>60</ele>
        <time>2025-05-13T17:00:45.000Z</time>
        <extensions>
          <ns3:TrackPointExtension>
            <ns3:hr>173</ns3:hr>
            <ns3:cad>82</ns3:cad>
          </ns3:TrackPointExtension>
        </extensions>
      </trkpt>
      <trkpt lat="39.000926055014133453369140625" lon="-76.840172298252582550048828125">
        <ele>60.40000152587890625</ele>
        <time>2025-05-13T17:00:48.000Z</time>
        <extensions>
          <ns3:TrackPointExtension>
            <ns3:hr>170</ns3:hr>
            <ns3:cad>82</ns3:cad>
          </ns3:TrackPointExtension>
        </extensions>
      </trkpt>
      <trkpt lat="39.00093846023082733154296875" lon="-76.84005084447562694549560546875">
        <ele>60.40000152587890625</ele>
        <time>2025-05-13T17:00:52.000Z</time>
        <extensions>
          <ns3:TrackPointExtension>
            <ns3:hr>167</ns3:hr>
            <ns3:cad>79</ns3:cad>
          </ns3:TrackPointExtension>
        </extensions>
      </trkpt>
      <trkpt lat="39.00095698423683643341064453125" lon="-76.8398113735020160675048828125">
        <ele>60</ele>
        <time>2025-05-13T17:01:00.000Z</time>
        <extensions>
          <ns3:TrackPointExtension>
            <ns3:hr>166</ns3:hr>
            <ns3:cad>85</ns3:cad>
          </ns3:TrackPointExtension>
        </extensions>
      </trkpt>
      <trkpt lat="39.0010341815650463104248046875" lon="-76.839588917791843414306640625">
        <ele>59.799999237060546875</ele>
        <time>2025-05-13T17:01:07.000Z</time>
        <extensions>
          <ns3:TrackPointExtension>
            <ns3:hr>167</ns3:hr>
            <ns3:cad>86</ns3:cad>
          </ns3:TrackPointExtension>
        </extensions>
      </trkpt>
      <trkpt lat="39.00110266171395778656005859375" lon="-76.83935455977916717529296875">
        <ele>59</ele>
        <time>2025-05-13T17:01:14.000Z</time>
        <extensions>
          <ns3:TrackPointExtension>
            <ns3:hr>169</ns3:hr>
            <ns3:cad>85</ns3:cad>
          </ns3:TrackPointExtension>
        </extensions>
      </trkpt>
      <trkpt lat="39.001159407198429107666015625" lon="-76.839129924774169921875">
        <ele>57.200000762939453125</ele>
        <time>2025-05-13T17:01:21.000Z</time>
        <extensions>
          <ns3:TrackPointExtension>
            <ns3:hr>166</ns3:hr>
            <ns3:cad>85</ns3:cad>
          </ns3:TrackPointExtension>
        </extensions>
      </trkpt>
      <trkpt lat="39.001219086349010467529296875" lon="-76.83888894505798816680908203125">
        <ele>55.59999847412109375</ele>
        <time>2025-05-13T17:01:28.000Z</time>
        <extensions>
          <ns3:TrackPointExtension>
            <ns3:hr>165</ns3:hr>
            <ns3:cad>84</ns3:cad>
          </ns3:TrackPointExtension>
        </extensions>
      </trkpt>
      <trkpt lat="39.00124029256403446197509765625" lon="-76.83880110271275043487548828125">
        <ele>55</ele>
        <time>2025-05-13T17:01:29.000Z</time>
        <extensions>
          <ns3:TrackPointExtension>
            <ns3:hr>162</ns3:hr>
            <ns3:cad>84</ns3:cad>
          </ns3:TrackPointExtension>
        </extensions>
      </trkpt>
      <trkpt lat="39.00130131281912326812744140625" lon="-76.83857940137386322021484375">
        <ele>53.799999237060546875</ele>
        <time>2025-05-13T17:01:36.000Z</time>
        <extensions>
          <ns3:TrackPointExtension>
            <ns3:hr>163</ns3:hr>
            <ns3:cad>84</ns3:cad>
          </ns3:TrackPointExtension>
        </extensions>
      </trkpt>
      <trkpt lat="39.001331068575382232666015625" lon="-76.8384853564202785491943359375">
        <ele>53.200000762939453125</ele>
        <time>2025-05-13T17:01:39.000Z</time>
        <extensions>
          <ns3:TrackPointExtension>
            <ns3:hr>168</ns3:hr>
            <ns3:cad>83</ns3:cad>
          </ns3:TrackPointExtension>
        </extensions>
      </trkpt>
      <trkpt lat="39.00139837525784969329833984375" lon="-76.83824353851377964019775390625">
        <ele>52</ele>
        <time>2025-05-13T17:01:46.000Z</time>
        <extensions>
          <ns3:TrackPointExtension>
            <ns3:hr>166</ns3:hr>
            <ns3:cad>84</ns3:cad>
          </ns3:TrackPointExtension>
        </extensions>
      </trkpt>
      <trkpt lat="39.0014529414474964141845703125" lon="-76.837993003427982330322265625">
        <ele>49.799999237060546875</ele>
        <time>2025-05-13T17:01:53.000Z</time>
        <extensions>
          <ns3:TrackPointExtension>
            <ns3:hr>165</ns3:hr>
            <ns3:cad>84</ns3:cad>
          </ns3:TrackPointExtension>
        </extensions>
      </trkpt>
      <trkpt lat="39.00145034305751323699951171875" lon="-76.8377484194934368133544921875">
        <ele>49.59999847412109375</ele>
        <time>2025-05-13T17:02:00.000Z</time>
        <extensions>
          <ns3:TrackPointExtension>
            <ns3:hr>167</ns3:hr>
            <ns3:cad>84</ns3:cad>
          </ns3:TrackPointExtension>
        </extensions>
      </trkpt>
      <trkpt lat="39.00141094811260700225830078125" lon="-76.837664432823657989501953125">
        <ele>49.799999237060546875</ele>
        <time>2025-05-13T17:02:03.000Z</time>
        <extensions>
          <ns3:TrackPointExtension>
            <ns3:hr>170</ns3:hr>
            <ns3:cad>85</ns3:cad>
          </ns3:TrackPointExtension>
        </extensions>
      </trkpt>
      <trkpt lat="39.00132427923381328582763671875" lon="-76.8375536240637302398681640625">
        <ele>49.200000762939453125</ele>
        <time>2025-05-13T17:02:09.000Z</time>
        <extensions>
          <ns3:TrackPointExtension>
            <ns3:hr>173</ns3:hr>
            <ns3:cad>84</ns3:cad>
          </ns3:TrackPointExtension>
        </extensions>
      </trkpt>
      <trkpt lat="39.001213051378726959228515625" lon="-76.83732370845973491668701171875">
        <ele>49</ele>
        <time>2025-05-13T17:02:16.000Z</time>
        <extensions>
          <ns3:TrackPointExtension>
            <ns3:hr>174</ns3:hr>
            <ns3:cad>83</ns3:cad>
          </ns3:TrackPointExtension>
        </extensions>
      </trkpt>
      <trkpt lat="39.00113828480243682861328125" lon="-76.83710577897727489471435546875">
        <ele>48.799999237060546875</ele>
        <time>2025-05-13T17:02:22.000Z</time>
        <extensions>
          <ns3:TrackPointExtension>
            <ns3:hr>172</ns3:hr>
            <ns3:cad>85</ns3:cad>
          </ns3:TrackPointExtension>
        </extensions>
      </trkpt>
      <trkpt lat="39.00110349990427494049072265625" lon="-76.83695926330983638763427734375">
        <ele>48.40000152587890625</ele>
        <time>2025-05-13T17:02:26.000Z</time>
        <extensions>
          <ns3:TrackPointExtension>
            <ns3:hr>169</ns3:hr>
            <ns3:cad>85</ns3:cad>
          </ns3:TrackPointExtension>
        </extensions>
      </trkpt>
      <trkpt lat="39.00100149214267730712890625" lon="-76.8367355503141880035400390625">
        <ele>48.799999237060546875</ele>
        <time>2025-05-13T17:02:33.000Z</time>
        <extensions>
          <ns3:TrackPointExtension>
            <ns3:hr>169</ns3:hr>
            <ns3:cad>86</ns3:cad>
          </ns3:TrackPointExtension>
        </extensions>
      </trkpt>
      <trkpt lat="39.00092228315770626068115234375" lon="-76.8365089036524295806884765625">
        <ele>49.40000152587890625</ele>
        <time>2025-05-13T17:02:40.000Z</time>
        <extensions>
          <ns3:TrackPointExtension>
            <ns3:hr>169</ns3:hr>
            <ns3:cad>85</ns3:cad>
          </ns3:TrackPointExtension>
        </extensions>
      </trkpt>
      <trkpt lat="39.00082622654736042022705078125" lon="-76.83630228973925113677978515625">
        <ele>50</ele>
        <time>2025-05-13T17:02:47.000Z</time>
        <extensions>
          <ns3:TrackPointExtension>
            <ns3:hr>169</ns3:hr>
            <ns3:cad>84</ns3:cad>
          </ns3:TrackPointExtension>
        </extensions>
      </trkpt>
      <trkpt lat="39.000710807740688323974609375" lon="-76.8360950052738189697265625">
        <ele>49.799999237060546875</ele>
        <time>2025-05-13T17:02:54.000Z</time>
        <extensions>
          <ns3:TrackPointExtension>
            <ns3:hr>172</ns3:hr>
            <ns3:cad>85</ns3:cad>
          </ns3:TrackPointExtension>
        </extensions>
      </trkpt>
      <trkpt lat="39.00056789629161357879638671875" lon="-76.83592057786881923675537109375">
        <ele>50</ele>
        <time>2025-05-13T17:03:03.000Z</time>
        <extensions>
          <ns3:TrackPointExtension>
            <ns3:hr>169</ns3:hr>
            <ns3:cad>84</ns3:cad>
          </ns3:TrackPointExtension>
        </extensions>
      </trkpt>
      <trkpt lat="39.0003968216478824615478515625" lon="-76.83582745492458343505859375">
        <ele>50.59999847412109375</ele>
        <time>2025-05-13T17:03:12.000Z</time>
        <extensions>
          <ns3:TrackPointExtension>
            <ns3:hr>170</ns3:hr>
            <ns3:cad>85</ns3:cad>
          </ns3:TrackPointExtension>
        </extensions>
      </trkpt>
      <trkpt lat="39.0002271719276905059814453125" lon="-76.83593583293259143829345703125">
        <ele>51.40000152587890625</ele>
        <time>2025-05-13T17:03:19.000Z</time>
        <extensions>
          <ns3:TrackPointExtension>
            <ns3:hr>172</ns3:hr>
            <ns3:cad>83</ns3:cad>
          </ns3:TrackPointExtension>
        </extensions>
      </trkpt>
      <trkpt lat="39.000064395368099212646484375" lon="-76.83610313571989536285400390625">
        <ele>52.799999237060546875</ele>
        <time>2025-05-13T17:03:26.000Z</time>
        <extensions>
          <ns3:TrackPointExtension>
            <ns3:hr>170</ns3:hr>
            <ns3:cad>84</ns3:cad>
          </ns3:TrackPointExtension>
        </extensions>
      </trkpt>
      <trkpt lat="38.99993254803121089935302734375" lon="-76.83628745377063751220703125">
        <ele>54.200000762939453125</ele>
        <time>2025-05-13T17:03:33.000Z</time>
        <extensions>
          <ns3:TrackPointExtension>
            <ns3:hr>169</ns3:hr>
            <ns3:cad>84</ns3:cad>
          </ns3:TrackPointExtension>
        </extensions>
      </trkpt>
      <trkpt lat="38.9998231641948223114013671875" lon="-76.8364356458187103271484375">
        <ele>55.200000762939453125</ele>
        <time>2025-05-13T17:03:39.000Z</time>
        <extensions>
          <ns3:TrackPointExtension>
            <ns3:hr>172</ns3:hr>
            <ns3:cad>84</ns3:cad>
          </ns3:TrackPointExtension>
        </extensions>
      </trkpt>
      <trkpt lat="38.99967379868030548095703125" lon="-76.83659322559833526611328125">
        <ele>56</ele>
        <time>2025-05-13T17:03:46.000Z</time>
        <extensions>
          <ns3:TrackPointExtension>
            <ns3:hr>173</ns3:hr>
            <ns3:cad>84</ns3:cad>
          </ns3:TrackPointExtension>
        </extensions>
      </trkpt>
      <trkpt lat="38.999597690999507904052734375" lon="-76.83680738322436809539794921875">
        <ele>56.799999237060546875</ele>
        <time>2025-05-13T17:03:53.000Z</time>
        <extensions>
          <ns3:TrackPointExtension>
            <ns3:hr>174</ns3:hr>
            <ns3:cad>84</ns3:cad>
          </ns3:TrackPointExtension>
        </extensions>
      </trkpt>
      <trkpt lat="38.99959542788565158843994140625" lon="-76.8370423279702663421630859375">
        <ele>57.200000762939453125</ele>
        <time>2025-05-13T17:04:00.000Z</time>
        <extensions>
          <ns3:TrackPointExtension>
            <ns3:hr>173</ns3:hr>
            <ns3:cad>85</ns3:cad>
          </ns3:TrackPointExtension>
        </extensions>
      </trkpt>
      <trkpt lat="38.9996005408465862274169921875" lon="-76.8371489457786083221435546875">
        <ele>57.59999847412109375</ele>
        <time>2025-05-13T17:04:03.000Z</time>
        <extensions>
          <ns3:TrackPointExtension>
            <ns3:hr>170</ns3:hr>
            <ns3:cad>83</ns3:cad>
          </ns3:TrackPointExtension>
        </extensions>
      </trkpt>
      <trkpt lat="38.99961068294942378997802734375" lon="-76.83739327825605869293212890625">
        <ele>57.59999847412109375</ele>
        <time>2025-05-13T17:04:10.000Z</time>
        <extensions>
          <ns3:TrackPointExtension>
            <ns3:hr>171</ns3:hr>
            <ns3:cad>83</ns3:cad>
          </ns3:TrackPointExtension>
        </extensions>
      </trkpt>
      <trkpt lat="38.99960967712104320526123046875" lon="-76.83750383555889129638671875">
        <ele>56.59999847412109375</ele>
        <time>2025-05-13T17:04:14.000Z</time>
        <extensions>
          <ns3:TrackPointExtension>
            <ns3:hr>172</ns3:hr>
            <ns3:cad>83</ns3:cad>
          </ns3:TrackPointExtension>
        </extensions>
      </trkpt>
      <trkpt lat="38.99957916699349880218505859375" lon="-76.8375298194587230682373046875">
        <ele>56.200000762939453125</ele>
        <time>2025-05-13T17:04:16.000Z</time>
        <extensions>
          <ns3:TrackPointExtension>
            <ns3:hr>171</ns3:hr>
            <ns3:cad>84</ns3:cad>
          </ns3:TrackPointExtension>
        </extensions>
      </trkpt>
      <trkpt lat="38.999534659087657928466796875" lon="-76.837541051208972930908203125">
        <ele>56</ele>
        <time>2025-05-13T17:04:18.000Z</time>
        <extensions>
          <ns3:TrackPointExtension>
            <ns3:hr>168</ns3:hr>
            <ns3:cad>80</ns3:cad>
          </ns3:TrackPointExtension>
        </extensions>
      </trkpt>
      <trkpt lat="38.9993514306843280792236328125" lon="-76.8375526182353496551513671875">
        <ele>54.799999237060546875</ele>
        <time>2025-05-13T17:04:25.000Z</time>
        <extensions>
          <ns3:TrackPointExtension>
            <ns3:hr>169</ns3:hr>
            <ns3:cad>83</ns3:cad>
          </ns3:TrackPointExtension>
        </extensions>
      </trkpt>
      <trkpt lat="38.99918555282056331634521484375" lon="-76.837528645992279052734375">
        <ele>53.799999237060546875</ele>
        <time>2025-05-13T17:04:31.000Z</time>
        <extensions>
          <ns3:TrackPointExtension>
            <ns3:hr>172</ns3:hr>
            <ns3:cad>82</ns3:cad>
          </ns3:TrackPointExtension>
        </extensions>
      </trkpt>
      <trkpt lat="38.9989846386015415191650390625" lon="-76.83750651776790618896484375">
        <ele>53</ele>
        <time>2025-05-13T17:04:39.000Z</time>
        <extensions>
          <ns3:TrackPointExtension>
            <ns3:hr>174</ns3:hr>
            <ns3:cad>82</ns3:cad>
          </ns3:TrackPointExtension>
        </extensions>
      </trkpt>
      <trkpt lat="38.99878908880054950714111328125" lon="-76.83746720664203166961669921875">
        <ele>52.200000762939453125</ele>
        <time>2025-05-13T17:04:47.000Z</time>
        <extensions>
          <ns3:TrackPointExtension>
            <ns3:hr>174</ns3:hr>
            <ns3:cad>84</ns3:cad>
          </ns3:TrackPointExtension>
        </extensions>
      </trkpt>
      <trkpt lat="38.9987325109541416168212890625" lon="-76.83749101124703884124755859375">
        <ele>51.799999237060546875</ele>
        <time>2025-05-13T17:04:50.000Z</time>
        <extensions>
          <ns3:TrackPointExtension>
            <ns3:hr>173</ns3:hr>
            <ns3:cad>83</ns3:cad>
          </ns3:TrackPointExtension>
        </extensions>
      </trkpt>
      <trkpt lat="38.99863435886800289154052734375" lon="-76.83768781833350658416748046875">
        <ele>50</ele>
        <time>2025-05-13T17:04:57.000Z</time>
        <extensions>
          <ns3:TrackPointExtension>
            <ns3:hr>172</ns3:hr>
            <ns3:cad>84</ns3:cad>
          </ns3:TrackPointExtension>
        </extensions>
      </trkpt>
      <trkpt lat="38.99860904552042484283447265625" lon="-76.837726123631000518798828125">
        <ele>49.799999237060546875</ele>
        <time>2025-05-13T17:04:59.000Z</time>
        <extensions>
          <ns3:TrackPointExtension>
            <ns3:hr>172</ns3:hr>
            <ns3:cad>84</ns3:cad>
          </ns3:TrackPointExtension>
        </extensions>
      </trkpt>
      <trkpt lat="38.99841718375682830810546875" lon="-76.83778605423867702484130859375">
        <ele>49.40000152587890625</ele>
        <time>2025-05-13T17:05:07.000Z</time>
        <extensions>
          <ns3:TrackPointExtension>
            <ns3:hr>173</ns3:hr>
            <ns3:cad>82</ns3:cad>
          </ns3:TrackPointExtension>
        </extensions>
      </trkpt>
      <trkpt lat="38.99823638610541820526123046875" lon="-76.83790625073015689849853515625">
        <ele>49.59999847412109375</ele>
        <time>2025-05-13T17:05:14.000Z</time>
        <extensions>
          <ns3:TrackPointExtension>
            <ns3:hr>174</ns3:hr>
            <ns3:cad>83</ns3:cad>
          </ns3:TrackPointExtension>
        </extensions>
      </trkpt>
      <trkpt lat="38.998087942600250244140625" lon="-76.83792184107005596160888671875">
        <ele>50.799999237060546875</ele>
        <time>2025-05-13T17:05:20.000Z</time>
        <extensions>
          <ns3:TrackPointExtension>
            <ns3:hr>171</ns3:hr>
            <ns3:cad>83</ns3:cad>
          </ns3:TrackPointExtension>
        </extensions>
      </trkpt>
      <trkpt lat="38.99800621904432773590087890625" lon="-76.83766401372849941253662109375">
        <ele>50.59999847412109375</ele>
        <time>2025-05-13T17:05:27.000Z</time>
        <extensions>
          <ns3:TrackPointExtension>
            <ns3:hr>172</ns3:hr>
            <ns3:cad>83</ns3:cad>
          </ns3:TrackPointExtension>
        </extensions>
      </trkpt>
      <trkpt lat="38.9978812448680400848388671875" lon="-76.83746050111949443817138671875">
        <ele>51.40000152587890625</ele>
        <time>2025-05-13T17:05:35.000Z</time>
        <extensions>
          <ns3:TrackPointExtension>
            <ns3:hr>172</ns3:hr>
            <ns3:cad>83</ns3:cad>
          </ns3:TrackPointExtension>
        </extensions>
      </trkpt>
      <trkpt lat="38.99777705781161785125732421875" lon="-76.83730795048177242279052734375">
        <ele>52</ele>
        <time>2025-05-13T17:05:42.000Z</time>
        <extensions>
          <ns3:TrackPointExtension>
            <ns3:hr>175</ns3:hr>
            <ns3:cad>82</ns3:cad>
          </ns3:TrackPointExtension>
        </extensions>
      </trkpt>
      <trkpt lat="38.9977380819618701934814453125" lon="-76.83717082254588603973388671875">
        <ele>52.200000762939453125</ele>
        <time>2025-05-13T17:05:46.000Z</time>
        <extensions>
          <ns3:TrackPointExtension>
            <ns3:hr>172</ns3:hr>
            <ns3:cad>84</ns3:cad>
          </ns3:TrackPointExtension>
        </extensions>
      </trkpt>
      <trkpt lat="38.99770245887339115142822265625" lon="-76.836941242218017578125">
        <ele>52.799999237060546875</ele>
        <time>2025-05-13T17:05:53.000Z</time>
        <extensions>
          <ns3:TrackPointExtension>
            <ns3:hr>172</ns3:hr>
            <ns3:cad>84</ns3:cad>
          </ns3:TrackPointExtension>
        </extensions>
      </trkpt>
      <trkpt lat="38.9976279437541961669921875" lon="-76.836721636354923248291015625">
        <ele>54</ele>
        <time>2025-05-13T17:06:01.000Z</time>
        <extensions>
          <ns3:TrackPointExtension>
            <ns3:hr>173</ns3:hr>
            <ns3:cad>83</ns3:cad>
          </ns3:TrackPointExtension>
        </extensions>
      </trkpt>
      <trkpt lat="38.99758259765803813934326171875" lon="-76.83669322170317173004150390625">
        <ele>54.40000152587890625</ele>
        <time>2025-05-13T17:06:03.000Z</time>
        <extensions>
          <ns3:TrackPointExtension>
            <ns3:hr>174</ns3:hr>
            <ns3:cad>84</ns3:cad>
          </ns3:TrackPointExtension>
        </extensions>
      </trkpt>
      <trkpt lat="38.9973836950957775115966796875" lon="-76.836688779294490814208984375">
        <ele>56.59999847412109375</ele>
        <time>2025-05-13T17:06:10.000Z</time>
        <extensions>
          <ns3:TrackPointExtension>
            <ns3:hr>175</ns3:hr>
            <ns3:cad>84</ns3:cad>
          </ns3:TrackPointExtension>
        </extensions>
      </trkpt>
      <trkpt lat="38.99720340035855770111083984375" lon="-76.83667696081101894378662109375">
        <ele>59.200000762939453125</ele>
        <time>2025-05-13T17:06:18.000Z</time>
        <extensions>
          <ns3:TrackPointExtension>
            <ns3:hr>175</ns3:hr>
            <ns3:cad>83</ns3:cad>
          </ns3:TrackPointExtension>
        </extensions>
      </trkpt>
      <trkpt lat="38.99700676091015338897705078125" lon="-76.8367476202547550201416015625">
        <ele>61.200000762939453125</ele>
        <time>2025-05-13T17:06:28.000Z</time>
        <extensions>
          <ns3:TrackPointExtension>
            <ns3:hr>172</ns3:hr>
            <ns3:cad>81</ns3:cad>
          </ns3:TrackPointExtension>
        </extensions>
      </trkpt>
      <trkpt lat="38.99691103957593441009521484375" lon="-76.836806796491146087646484375">
        <ele>62</ele>
        <time>2025-05-13T17:06:33.000Z</time>
        <extensions>
          <ns3:TrackPointExtension>
            <ns3:hr>171</ns3:hr>
            <ns3:cad>82</ns3:cad>
          </ns3:TrackPointExtension>
        </extensions>
      </trkpt>
      <trkpt lat="38.99673971347510814666748046875" lon="-76.836729347705841064453125">
        <ele>62.200000762939453125</ele>
        <time>2025-05-13T17:06:42.000Z</time>
        <extensions>
          <ns3:TrackPointExtension>
            <ns3:hr>173</ns3:hr>
            <ns3:cad>83</ns3:cad>
          </ns3:TrackPointExtension>
        </extensions>
      </trkpt>
      <trkpt lat="38.996641896665096282958984375" lon="-76.83652206324040889739990234375">
        <ele>62</ele>
        <time>2025-05-13T17:06:50.000Z</time>
        <extensions>
          <ns3:TrackPointExtension>
            <ns3:hr>175</ns3:hr>
            <ns3:cad>82</ns3:cad>
          </ns3:TrackPointExtension>
        </extensions>
      </trkpt>
      <trkpt lat="38.9964834786951541900634765625" lon="-76.836394406855106353759765625">
        <ele>62.59999847412109375</ele>
        <time>2025-05-13T17:06:59.000Z</time>
        <extensions>
          <ns3:TrackPointExtension>
            <ns3:hr>175</ns3:hr>
            <ns3:cad>84</ns3:cad>
          </ns3:TrackPointExtension>
        </extensions>
      </trkpt>
      <trkpt lat="38.99631558917462825775146484375" lon="-76.83630111627280712127685546875">
        <ele>63.200000762939453125</ele>
        <time>2025-05-13T17:07:08.000Z</time>
        <extensions>
          <ns3:TrackPointExtension>
            <ns3:hr>175</ns3:hr>
            <ns3:cad>83</ns3:cad>
          </ns3:TrackPointExtension>
        </extensions>
      </trkpt>
      <trkpt lat="38.9961629547178745269775390625" lon="-76.83617153204977512359619140625">
        <ele>63.40000152587890625</ele>
        <time>2025-05-13T17:07:15.000Z</time>
        <extensions>
          <ns3:TrackPointExtension>
            <ns3:hr>173</ns3:hr>
            <ns3:cad>84</ns3:cad>
          </ns3:TrackPointExtension>
        </extensions>
      </trkpt>
      <trkpt lat="38.99603412486612796783447265625" lon="-76.836065165698528289794921875">
        <ele>63.40000152587890625</ele>
        <time>2025-05-13T17:07:21.000Z</time>
        <extensions>
          <ns3:TrackPointExtension>
            <ns3:hr>173</ns3:hr>
            <ns3:cad>84</ns3:cad>
          </ns3:TrackPointExtension>
        </extensions>
      </trkpt>
      <trkpt lat="38.99596321396529674530029296875" lon="-76.836072541773319244384765625">
        <ele>63.40000152587890625</ele>
        <time>2025-05-13T17:07:24.000Z</time>
        <extensions>
          <ns3:TrackPointExtension>
            <ns3:hr>174</ns3:hr>
            <ns3:cad>85</ns3:cad>
          </ns3:TrackPointExtension>
        </extensions>
      </trkpt>
      <trkpt lat="38.9958223141729831695556640625" lon="-76.83622987009584903717041015625">
        <ele>64.59999847412109375</ele>
        <time>2025-05-13T17:07:31.000Z</time>
        <extensions>
          <ns3:TrackPointExtension>
            <ns3:hr>173</ns3:hr>
            <ns3:cad>85</ns3:cad>
          </ns3:TrackPointExtension>
        </extensions>
      </trkpt>
      <trkpt lat="38.995678313076496124267578125" lon="-76.83641544543206691741943359375">
        <ele>65</ele>
        <time>2025-05-13T17:07:39.000Z</time>
        <extensions>
          <ns3:TrackPointExtension>
            <ns3:hr>172</ns3:hr>
            <ns3:cad>86</ns3:cad>
          </ns3:TrackPointExtension>
        </extensions>
      </trkpt>
      <trkpt lat="38.99566096253693103790283203125" lon="-76.83662633411586284637451171875">
        <ele>65.1999969482421875</ele>
        <time>2025-05-13T17:07:46.000Z</time>
        <extensions>
          <ns3:TrackPointExtension>
            <ns3:hr>172</ns3:hr>
            <ns3:cad>85</ns3:cad>
          </ns3:TrackPointExtension>
        </extensions>
      </trkpt>
      <trkpt lat="38.9957804046571254730224609375" lon="-76.83681392110884189605712890625">
        <ele>65.1999969482421875</ele>
        <time>2025-05-13T17:07:53.000Z</time>
        <extensions>
          <ns3:TrackPointExtension>
            <ns3:hr>172</ns3:hr>
            <ns3:cad>84</ns3:cad>
          </ns3:TrackPointExtension>
        </extensions>
      </trkpt>
      <trkpt lat="38.99590118788182735443115234375" lon="-76.83699161745607852935791015625">
        <ele>65.1999969482421875</ele>
        <time>2025-05-13T17:08:00.000Z</time>
        <extensions>
          <ns3:TrackPointExtension>
            <ns3:hr>174</ns3:hr>
            <ns3:cad>84</ns3:cad>
          </ns3:TrackPointExtension>
        </extensions>
      </trkpt>
      <trkpt lat="38.99591342546045780181884765625" lon="-76.83709622360765933990478515625">
        <ele>65.59999847412109375</ele>
        <time>2025-05-13T17:08:04.000Z</time>
        <extensions>
          <ns3:TrackPointExtension>
            <ns3:hr>177</ns3:hr>
            <ns3:cad>83</ns3:cad>
          </ns3:TrackPointExtension>
        </extensions>
      </trkpt>
      <trkpt lat="38.995890207588672637939453125" lon="-76.8370765261352062225341796875">
        <ele>65.59999847412109375</ele>
        <time>2025-05-13T17:08:05.000Z</time>
        <extensions>
          <ns3:TrackPointExtension>
            <ns3:hr>176</ns3:hr>
            <ns3:cad>83</ns3:cad>
          </ns3:TrackPointExtension>
        </extensions>
      </trkpt>
      <trkpt lat="38.99580362252891063690185546875" lon="-76.83685918338596820831298828125">
        <ele>65</ele>
        <time>2025-05-13T17:08:13.000Z</time>
        <extensions>
          <ns3:TrackPointExtension>
            <ns3:hr>174</ns3:hr>
            <ns3:cad>86</ns3:cad>
          </ns3:TrackPointExtension>
        </extensions>
      </trkpt>
      <trkpt lat="38.995698429644107818603515625" lon="-76.836663968861103057861328125">
        <ele>65.40000152587890625</ele>
        <time>2025-05-13T17:08:19.000Z</time>
        <extensions>
          <ns3:TrackPointExtension>
            <ns3:hr>174</ns3:hr>
            <ns3:cad>85</ns3:cad>
          </ns3:TrackPointExtension>
        </extensions>
      </trkpt>
      <trkpt lat="38.99563975632190704345703125" lon="-76.83644830249249935150146484375">
        <ele>65</ele>
        <time>2025-05-13T17:08:26.000Z</time>
        <extensions>
          <ns3:TrackPointExtension>
            <ns3:hr>172</ns3:hr>
            <ns3:cad>84</ns3:cad>
          </ns3:TrackPointExtension>
        </extensions>
      </trkpt>
      <trkpt lat="38.99564989842474460601806640625" lon="-76.83640681207180023193359375">
        <ele>65</ele>
        <time>2025-05-13T17:08:27.000Z</time>
        <extensions>
          <ns3:TrackPointExtension>
            <ns3:hr>172</ns3:hr>
            <ns3:cad>84</ns3:cad>
          </ns3:TrackPointExtension>
        </extensions>
      </trkpt>
      <trkpt lat="38.99574830196797847747802734375" lon="-76.83618796057999134063720703125">
        <ele>64.1999969482421875</ele>
        <time>2025-05-13T17:08:38.000Z</time>
        <extensions>
          <ns3:TrackPointExtension>
            <ns3:hr>174</ns3:hr>
            <ns3:cad>85</ns3:cad>
          </ns3:TrackPointExtension>
        </extensions>
      </trkpt>
      <trkpt lat="38.9959061332046985626220703125" lon="-76.83606860227882862091064453125">
        <ele>63.40000152587890625</ele>
        <time>2025-05-13T17:08:45.000Z</time>
        <extensions>
          <ns3:TrackPointExtension>
            <ns3:hr>175</ns3:hr>
            <ns3:cad>85</ns3:cad>
          </ns3:TrackPointExtension>
        </extensions>
      </trkpt>
      <trkpt lat="38.9959550835192203521728515625" lon="-76.8360817618668079376220703125">
        <ele>63.40000152587890625</ele>
        <time>2025-05-13T17:08:46.000Z</time>
        <extensions>
          <ns3:TrackPointExtension>
            <ns3:hr>175</ns3:hr>
            <ns3:cad>85</ns3:cad>
          </ns3:TrackPointExtension>
        </extensions>
      </trkpt>
      <trkpt lat="38.9961207099258899688720703125" lon="-76.83618661947548389434814453125">
        <ele>63.59999847412109375</ele>
        <time>2025-05-13T17:08:54.000Z</time>
        <extensions>
          <ns3:TrackPointExtension>
            <ns3:hr>173</ns3:hr>
            <ns3:cad>85</ns3:cad>
          </ns3:TrackPointExtension>
        </extensions>
      </trkpt>
      <trkpt lat="38.996297903358936309814453125" lon="-76.8362639844417572021484375">
        <ele>63.200000762939453125</ele>
        <time>2025-05-13T17:09:01.000Z</time>
        <extensions>
          <ns3:TrackPointExtension>
            <ns3:hr>174</ns3:hr>
            <ns3:cad>86</ns3:cad>
          </ns3:TrackPointExtension>
        </extensions>
      </trkpt>
      <trkpt lat="38.9964772760868072509765625" lon="-76.83635928668081760406494140625">
        <ele>62.59999847412109375</ele>
        <time>2025-05-13T17:09:09.000Z</time>
        <extensions>
          <ns3:TrackPointExtension>
            <ns3:hr>175</ns3:hr>
            <ns3:cad>84</ns3:cad>
          </ns3:TrackPointExtension>
        </extensions>
      </trkpt>
      <trkpt lat="38.99660342372953891754150390625" lon="-76.83636180125176906585693359375">
        <ele>62.200000762939453125</ele>
        <time>2025-05-13T17:09:16.000Z</time>
        <extensions>
          <ns3:TrackPointExtension>
            <ns3:hr>176</ns3:hr>
            <ns3:cad>84</ns3:cad>
          </ns3:TrackPointExtension>
        </extensions>
      </trkpt>
      <trkpt lat="38.99660560302436351776123046875" lon="-76.83610682375729084014892578125">
        <ele>61.59999847412109375</ele>
        <time>2025-05-13T17:09:25.000Z</time>
        <extensions>
          <ns3:TrackPointExtension>
            <ns3:hr>176</ns3:hr>
            <ns3:cad>85</ns3:cad>
          </ns3:TrackPointExtension>
        </extensions>
      </trkpt>
      <trkpt lat="38.99660610593855381011962890625" lon="-76.83587372303009033203125">
        <ele>60.59999847412109375</ele>
        <time>2025-05-13T17:09:32.000Z</time>
        <extensions>
          <ns3:TrackPointExtension>
            <ns3:hr>178</ns3:hr>
            <ns3:cad>85</ns3:cad>
          </ns3:TrackPointExtension>
        </extensions>
      </trkpt>
      <trkpt lat="38.99663913063704967498779296875" lon="-76.8356122076511383056640625">
        <ele>60.59999847412109375</ele>
        <time>2025-05-13T17:09:40.000Z</time>
        <extensions>
          <ns3:TrackPointExtension>
            <ns3:hr>176</ns3:hr>
            <ns3:cad>86</ns3:cad>
          </ns3:TrackPointExtension>
        </extensions>
      </trkpt>
      <trkpt lat="38.99664332158863544464111328125" lon="-76.83538220822811126708984375">
        <ele>61.40000152587890625</ele>
        <time>2025-05-13T17:09:46.000Z</time>
        <extensions>
          <ns3:TrackPointExtension>
            <ns3:hr>175</ns3:hr>
            <ns3:cad>86</ns3:cad>
          </ns3:TrackPointExtension>
        </extensions>
      </trkpt>
      <trkpt lat="38.99658364243805408477783203125" lon="-76.8351463414728641510009765625">
        <ele>63</ele>
        <time>2025-05-13T17:09:53.000Z</time>
        <extensions>
          <ns3:TrackPointExtension>
            <ns3:hr>176</ns3:hr>
            <ns3:cad>86</ns3:cad>
          </ns3:TrackPointExtension>
        </extensions>
      </trkpt>
      <trkpt lat="38.9964375458657741546630859375" lon="-76.83500225655734539031982421875">
        <ele>64.59999847412109375</ele>
        <time>2025-05-13T17:09:59.000Z</time>
        <extensions>
          <ns3:TrackPointExtension>
            <ns3:hr>176</ns3:hr>
            <ns3:cad>83</ns3:cad>
          </ns3:TrackPointExtension>
        </extensions>
      </trkpt>
      <trkpt lat="38.9962357096374034881591796875" lon="-76.83498448692262172698974609375">
        <ele>65.1999969482421875</ele>
        <time>2025-05-13T17:10:06.000Z</time>
        <extensions>
          <ns3:TrackPointExtension>
            <ns3:hr>174</ns3:hr>
            <ns3:cad>84</ns3:cad>
          </ns3:TrackPointExtension>
        </extensions>
      </trkpt>
      <trkpt lat="38.996047116816043853759765625" lon="-76.83492220938205718994140625">
        <ele>65.8000030517578125</ele>
        <time>2025-05-13T17:10:14.000Z</time>
        <extensions>
          <ns3:TrackPointExtension>
            <ns3:hr>173</ns3:hr>
            <ns3:cad>84</ns3:cad>
          </ns3:TrackPointExtension>
        </extensions>
      </trkpt>
      <trkpt lat="38.99600847624242305755615234375" lon="-76.83486697264015674591064453125">
        <ele>65.59999847412109375</ele>
        <time>2025-05-13T17:10:16.000Z</time>
        <extensions>
          <ns3:TrackPointExtension>
            <ns3:hr>177</ns3:hr>
            <ns3:cad>84</ns3:cad>
          </ns3:TrackPointExtension>
        </extensions>
      </trkpt>
      <trkpt lat="38.99588878266513347625732421875" lon="-76.83466966263949871063232421875">
        <ele>65.1999969482421875</ele>
        <time>2025-05-13T17:10:23.000Z</time>
        <extensions>
          <ns3:TrackPointExtension>
            <ns3:hr>179</ns3:hr>
            <ns3:cad>83</ns3:cad>
          </ns3:TrackPointExtension>
        </extensions>
      </trkpt>
      <trkpt lat="38.9957700110971927642822265625" lon="-76.83446832932531833648681640625">
        <ele>64.59999847412109375</ele>
        <time>2025-05-13T17:10:30.000Z</time>
        <extensions>
          <ns3:TrackPointExtension>
            <ns3:hr>181</ns3:hr>
            <ns3:cad>84</ns3:cad>
          </ns3:TrackPointExtension>
        </extensions>
      </trkpt>
      <trkpt lat="38.995775878429412841796875" lon="-76.83438174426555633544921875">
        <ele>64.59999847412109375</ele>
        <time>2025-05-13T17:10:34.000Z</time>
        <extensions>
          <ns3:TrackPointExtension>
            <ns3:hr>182</ns3:hr>
            <ns3:cad>83</ns3:cad>
          </ns3:TrackPointExtension>
        </extensions>
      </trkpt>
      <trkpt lat="38.9958615414798259735107421875" lon="-76.83453018777072429656982421875">
        <ele>65.1999969482421875</ele>
        <time>2025-05-13T17:10:40.000Z</time>
        <extensions>
          <ns3:TrackPointExtension>
            <ns3:hr>179</ns3:hr>
            <ns3:cad>83</ns3:cad>
          </ns3:TrackPointExtension>
        </extensions>
      </trkpt>
      <trkpt lat="38.9959515631198883056640625" lon="-76.83475499041378498077392578125">
        <ele>65.40000152587890625</ele>
        <time>2025-05-13T17:10:47.000Z</time>
        <extensions>
          <ns3:TrackPointExtension>
            <ns3:hr>179</ns3:hr>
            <ns3:cad>85</ns3:cad>
          </ns3:TrackPointExtension>
        </extensions>
      </trkpt>
      <trkpt lat="38.99606832303106784820556640625" lon="-76.83495766483247280120849609375">
        <ele>65.8000030517578125</ele>
        <time>2025-05-13T17:10:54.000Z</time>
        <extensions>
          <ns3:TrackPointExtension>
            <ns3:hr>179</ns3:hr>
            <ns3:cad>83</ns3:cad>
          </ns3:TrackPointExtension>
        </extensions>
      </trkpt>
      <trkpt lat="38.9961098134517669677734375" lon="-76.8349837325513362884521484375">
        <ele>65.8000030517578125</ele>
        <time>2025-05-13T17:10:55.000Z</time>
        <extensions>
          <ns3:TrackPointExtension>
            <ns3:hr>179</ns3:hr>
            <ns3:cad>84</ns3:cad>
          </ns3:TrackPointExtension>
        </extensions>
      </trkpt>
      <trkpt lat="38.9963181875646114349365234375" lon="-76.83498968370258808135986328125">
        <ele>65</ele>
        <time>2025-05-13T17:11:04.000Z</time>
        <extensions>
          <ns3:TrackPointExtension>
            <ns3:hr>180</ns3:hr>
            <ns3:cad>86</ns3:cad>
          </ns3:TrackPointExtension>
        </extensions>
      </trkpt>
      <trkpt lat="38.99645104072988033294677734375" lon="-76.83502673171460628509521484375">
        <ele>64.59999847412109375</ele>
        <time>2025-05-13T17:11:09.000Z</time>
        <extensions>
          <ns3:TrackPointExtension>
            <ns3:hr>177</ns3:hr>
            <ns3:cad>85</ns3:cad>
          </ns3:TrackPointExtension>
        </extensions>
      </trkpt>
      <trkpt lat="38.99659931659698486328125" lon="-76.83516033925116062164306640625">
        <ele>62.799999237060546875</ele>
        <time>2025-05-13T17:11:16.000Z</time>
        <extensions>
          <ns3:TrackPointExtension>
            <ns3:hr>176</ns3:hr>
            <ns3:cad>85</ns3:cad>
          </ns3:TrackPointExtension>
        </extensions>
      </trkpt>
      <trkpt lat="38.99665337987244129180908203125" lon="-76.8353860639035701751708984375">
        <ele>61.40000152587890625</ele>
        <time>2025-05-13T17:11:22.000Z</time>
        <extensions>
          <ns3:TrackPointExtension>
            <ns3:hr>176</ns3:hr>
            <ns3:cad>87</ns3:cad>
          </ns3:TrackPointExtension>
        </extensions>
      </trkpt>
      <trkpt lat="38.99665488861501216888427734375" lon="-76.83565001003444194793701171875">
        <ele>60.40000152587890625</ele>
        <time>2025-05-13T17:11:29.000Z</time>
        <extensions>
          <ns3:TrackPointExtension>
            <ns3:hr>178</ns3:hr>
            <ns3:cad>86</ns3:cad>
          </ns3:TrackPointExtension>
        </extensions>
      </trkpt>
      <trkpt lat="38.9966437406837940216064453125" lon="-76.835881769657135009765625">
        <ele>60.59999847412109375</ele>
        <time>2025-05-13T17:11:36.000Z</time>
        <extensions>
          <ns3:TrackPointExtension>
            <ns3:hr>179</ns3:hr>
            <ns3:cad>86</ns3:cad>
          </ns3:TrackPointExtension>
        </extensions>
      </trkpt>
      <trkpt lat="38.996651284396648406982421875" lon="-76.8359764851629734039306640625">
        <ele>60.799999237060546875</ele>
        <time>2025-05-13T17:11:39.000Z</time>
        <extensions>
          <ns3:TrackPointExtension>
            <ns3:hr>182</ns3:hr>
            <ns3:cad>86</ns3:cad>
          </ns3:TrackPointExtension>
        </extensions>
      </trkpt>
      <trkpt lat="38.99661876261234283447265625" lon="-76.83623875491321086883544921875">
        <ele>62</ele>
        <time>2025-05-13T17:11:47.000Z</time>
        <extensions>
          <ns3:TrackPointExtension>
            <ns3:hr>180</ns3:hr>
            <ns3:cad>86</ns3:cad>
          </ns3:TrackPointExtension>
        </extensions>
      </trkpt>
      <trkpt lat="38.996617086231708526611328125" lon="-76.8364854343235492706298828125">
        <ele>62.200000762939453125</ele>
        <time>2025-05-13T17:11:54.000Z</time>
        <extensions>
          <ns3:TrackPointExtension>
            <ns3:hr>181</ns3:hr>
            <ns3:cad>85</ns3:cad>
          </ns3:TrackPointExtension>
        </extensions>
      </trkpt>
      <trkpt lat="38.99668020196259021759033203125" lon="-76.8367338739335536956787109375">
        <ele>62.59999847412109375</ele>
        <time>2025-05-13T17:12:01.000Z</time>
        <extensions>
          <ns3:TrackPointExtension>
            <ns3:hr>181</ns3:hr>
            <ns3:cad>84</ns3:cad>
          </ns3:TrackPointExtension>
        </extensions>
      </trkpt>
      <trkpt lat="38.99675211869180202484130859375" lon="-76.83695959858596324920654296875">
        <ele>62.59999847412109375</ele>
        <time>2025-05-13T17:12:07.000Z</time>
        <extensions>
          <ns3:TrackPointExtension>
            <ns3:hr>181</ns3:hr>
            <ns3:cad>85</ns3:cad>
          </ns3:TrackPointExtension>
        </extensions>
      </trkpt>
      <trkpt lat="38.9967134781181812286376953125" lon="-76.83720820583403110504150390625">
        <ele>62.799999237060546875</ele>
        <time>2025-05-13T17:12:14.000Z</time>
        <extensions>
          <ns3:TrackPointExtension>
            <ns3:hr>178</ns3:hr>
            <ns3:cad>85</ns3:cad>
          </ns3:TrackPointExtension>
        </extensions>
      </trkpt>
      <trkpt lat="38.9966905117034912109375" lon="-76.83736008591949939727783203125">
        <ele>63</ele>
        <time>2025-05-13T17:12:18.000Z</time>
        <extensions>
          <ns3:TrackPointExtension>
            <ns3:hr>175</ns3:hr>
            <ns3:cad>84</ns3:cad>
          </ns3:TrackPointExtension>
        </extensions>
      </trkpt>
      <trkpt lat="38.9966930262744426727294921875" lon="-76.837609447538852691650390625">
        <ele>63.59999847412109375</ele>
        <time>2025-05-13T17:12:25.000Z</time>
        <extensions>
          <ns3:TrackPointExtension>
            <ns3:hr>174</ns3:hr>
            <ns3:cad>86</ns3:cad>
          </ns3:TrackPointExtension>
        </extensions>
      </trkpt>
      <trkpt lat="38.99668925441801548004150390625" lon="-76.8378464877605438232421875">
        <ele>64.40000152587890625</ele>
        <time>2025-05-13T17:12:32.000Z</time>
        <extensions>
          <ns3:TrackPointExtension>
            <ns3:hr>177</ns3:hr>
            <ns3:cad>85</ns3:cad>
          </ns3:TrackPointExtension>
        </extensions>
      </trkpt>
      <trkpt lat="38.99669780395925045013427734375" lon="-76.83810138143599033355712890625">
        <ele>64.8000030517578125</ele>
        <time>2025-05-13T17:12:40.000Z</time>
        <extensions>
          <ns3:TrackPointExtension>
            <ns3:hr>178</ns3:hr>
            <ns3:cad>84</ns3:cad>
          </ns3:TrackPointExtension>
        </extensions>
      </trkpt>
      <trkpt lat="38.99663795717060565948486328125" lon="-76.83834764175117015838623046875">
        <ele>65</ele>
        <time>2025-05-13T17:12:49.000Z</time>
        <extensions>
          <ns3:TrackPointExtension>
            <ns3:hr>177</ns3:hr>
            <ns3:cad>86</ns3:cad>
          </ns3:TrackPointExtension>
        </extensions>
      </trkpt>
      <trkpt lat="38.99652354419231414794921875" lon="-76.83855551294982433319091796875">
        <ele>65.59999847412109375</ele>
        <time>2025-05-13T17:12:56.000Z</time>
        <extensions>
          <ns3:TrackPointExtension>
            <ns3:hr>177</ns3:hr>
            <ns3:cad>84</ns3:cad>
          </ns3:TrackPointExtension>
        </extensions>
      </trkpt>
      <trkpt lat="38.996409885585308074951171875" lon="-76.83876807801425457000732421875">
        <ele>66</ele>
        <time>2025-05-13T17:13:02.000Z</time>
        <extensions>
          <ns3:TrackPointExtension>
            <ns3:hr>177</ns3:hr>
            <ns3:cad>85</ns3:cad>
          </ns3:TrackPointExtension>
        </extensions>
      </trkpt>
      <trkpt lat="38.99635858833789825439453125" lon="-76.8388263322412967681884765625">
        <ele>66</ele>
        <time>2025-05-13T17:13:04.000Z</time>
        <extensions>
          <ns3:TrackPointExtension>
            <ns3:hr>170</ns3:hr>
            <ns3:cad>85</ns3:cad>
          </ns3:TrackPointExtension>
        </extensions>
      </trkpt>
      <trkpt lat="38.99633285589516162872314453125" lon="-76.83885323815047740936279296875">
        <ele>66</ele>
        <time>2025-05-13T17:13:05.000Z</time>
        <extensions>
          <ns3:TrackPointExtension>
            <ns3:hr>167</ns3:hr>
            <ns3:cad>85</ns3:cad>
          </ns3:TrackPointExtension>
        </extensions>
      </trkpt>
      <trkpt lat="38.99625188671052455902099609375" lon="-76.83891492895781993865966796875">
        <ele>66</ele>
        <time>2025-05-13T17:13:08.000Z</time>
        <extensions>
          <ns3:TrackPointExtension>
            <ns3:hr>164</ns3:hr>
            <ns3:cad>85</ns3:cad>
          </ns3:TrackPointExtension>
        </extensions>
      </trkpt>
      <trkpt lat="38.99605558253824710845947265625" lon="-76.838929094374179840087890625">
        <ele>65.8000030517578125</ele>
        <time>2025-05-13T17:13:16.000Z</time>
        <extensions>
          <ns3:TrackPointExtension>
            <ns3:hr>163</ns3:hr>
            <ns3:cad>85</ns3:cad>
          </ns3:TrackPointExtension>
        </extensions>
      </trkpt>
      <trkpt lat="38.99588358588516712188720703125" lon="-76.8388080596923828125">
        <ele>65.1999969482421875</ele>
        <time>2025-05-13T17:13:23.000Z</time>
        <extensions>
          <ns3:TrackPointExtension>
            <ns3:hr>162</ns3:hr>
            <ns3:cad>84</ns3:cad>
          </ns3:TrackPointExtension>
        </extensions>
      </trkpt>
      <trkpt lat="38.9957405067980289459228515625" lon="-76.83867461979389190673828125">
        <ele>65.40000152587890625</ele>
        <time>2025-05-13T17:13:29.000Z</time>
        <extensions>
          <ns3:TrackPointExtension>
            <ns3:hr>165</ns3:hr>
            <ns3:cad>85</ns3:cad>
          </ns3:TrackPointExtension>
        </extensions>
      </trkpt>
      <trkpt lat="38.99567085318267345428466796875" lon="-76.8386087380349636077880859375">
        <ele>65.59999847412109375</ele>
        <time>2025-05-13T17:13:32.000Z</time>
        <extensions>
          <ns3:TrackPointExtension>
            <ns3:hr>168</ns3:hr>
            <ns3:cad>85</ns3:cad>
          </ns3:TrackPointExtension>
        </extensions>
      </trkpt>
      <trkpt lat="38.9955410175025463104248046875" lon="-76.8384312093257904052734375">
        <ele>66</ele>
        <time>2025-05-13T17:13:39.000Z</time>
        <extensions>
          <ns3:TrackPointExtension>
            <ns3:hr>171</ns3:hr>
            <ns3:cad>86</ns3:cad>
          </ns3:TrackPointExtension>
        </extensions>
      </trkpt>
      <trkpt lat="38.99541218765079975128173828125" lon="-76.8382541835308074951171875">
        <ele>66</ele>
        <time>2025-05-13T17:13:46.000Z</time>
        <extensions>
          <ns3:TrackPointExtension>
            <ns3:hr>172</ns3:hr>
            <ns3:cad>86</ns3:cad>
          </ns3:TrackPointExtension>
        </extensions>
      </trkpt>
      <trkpt lat="38.99526894092559814453125" lon="-76.83822476305067539215087890625">
        <ele>66</ele>
        <time>2025-05-13T17:13:52.000Z</time>
        <extensions>
          <ns3:TrackPointExtension>
            <ns3:hr>169</ns3:hr>
            <ns3:cad>85</ns3:cad>
          </ns3:TrackPointExtension>
        </extensions>
      </trkpt>
      <trkpt lat="38.99509300477802753448486328125" lon="-76.83828511275351047515869140625">
        <ele>66.59999847412109375</ele>
        <time>2025-05-13T17:14:00.000Z</time>
        <extensions>
          <ns3:TrackPointExtension>
            <ns3:hr>169</ns3:hr>
            <ns3:cad>83</ns3:cad>
          </ns3:TrackPointExtension>
        </extensions>
      </trkpt>
      <trkpt lat="38.994934670627117156982421875" lon="-76.83839843608438968658447265625">
        <ele>66.59999847412109375</ele>
        <time>2025-05-13T17:14:07.000Z</time>
        <extensions>
          <ns3:TrackPointExtension>
            <ns3:hr>171</ns3:hr>
            <ns3:cad>85</ns3:cad>
          </ns3:TrackPointExtension>
        </extensions>
      </trkpt>
      <trkpt lat="38.99476225487887859344482421875" lon="-76.83852399699389934539794921875">
        <ele>66.8000030517578125</ele>
        <time>2025-05-13T17:14:14.000Z</time>
        <extensions>
          <ns3:TrackPointExtension>
            <ns3:hr>172</ns3:hr>
            <ns3:cad>86</ns3:cad>
          </ns3:TrackPointExtension>
        </extensions>
      </trkpt>
      <trkpt lat="38.99459059350192546844482421875" lon="-76.83863329701125621795654296875">
        <ele>67</ele>
        <time>2025-05-13T17:14:21.000Z</time>
        <extensions>
          <ns3:TrackPointExtension>
            <ns3:hr>170</ns3:hr>
            <ns3:cad>85</ns3:cad>
          </ns3:TrackPointExtension>
        </extensions>
      </trkpt>
      <trkpt lat="38.99440837092697620391845703125" lon="-76.83870823122560977935791015625">
        <ele>67</ele>
        <time>2025-05-13T17:14:28.000Z</time>
        <extensions>
          <ns3:TrackPointExtension>
            <ns3:hr>170</ns3:hr>
            <ns3:cad>86</ns3:cad>
          </ns3:TrackPointExtension>
        </extensions>
      </trkpt>
      <trkpt lat="38.9943621866405010223388671875" lon="-76.8386607058346271514892578125">
        <ele>67</ele>
        <time>2025-05-13T17:14:29.000Z</time>
        <extensions>
          <ns3:TrackPointExtension>
            <ns3:hr>170</ns3:hr>
            <ns3:cad>86</ns3:cad>
          </ns3:TrackPointExtension>
        </extensions>
      </trkpt>
      <trkpt lat="38.994282893836498260498046875" lon="-76.83852969668805599212646484375">
        <ele>67</ele>
        <time>2025-05-13T17:14:35.000Z</time>
        <extensions>
          <ns3:TrackPointExtension>
            <ns3:hr>173</ns3:hr>
            <ns3:cad>85</ns3:cad>
          </ns3:TrackPointExtension>
        </extensions>
      </trkpt>
      <trkpt lat="38.9941559918224811553955078125" lon="-76.8383405171334743499755859375">
        <ele>67</ele>
        <time>2025-05-13T17:14:42.000Z</time>
        <extensions>
          <ns3:TrackPointExtension>
            <ns3:hr>169</ns3:hr>
            <ns3:cad>85</ns3:cad>
          </ns3:TrackPointExtension>
        </extensions>
      </trkpt>
      <trkpt lat="38.99413730017840862274169921875" lon="-76.8383187241852283477783203125">
        <ele>67</ele>
        <time>2025-05-13T17:14:43.000Z</time>
        <extensions>
          <ns3:TrackPointExtension>
            <ns3:hr>166</ns3:hr>
            <ns3:cad>85</ns3:cad>
          </ns3:TrackPointExtension>
        </extensions>
      </trkpt>
      <trkpt lat="38.9940946362912654876708984375" lon="-76.8382751382887363433837890625">
        <ele>66.8000030517578125</ele>
        <time>2025-05-13T17:14:45.000Z</time>
        <extensions>
          <ns3:TrackPointExtension>
            <ns3:hr>170</ns3:hr>
            <ns3:cad>86</ns3:cad>
          </ns3:TrackPointExtension>
        </extensions>
      </trkpt>
      <trkpt lat="38.99407443590462207794189453125" lon="-76.8382540158927440643310546875">
        <ele>66.59999847412109375</ele>
        <time>2025-05-13T17:14:46.000Z</time>
        <extensions>
          <ns3:TrackPointExtension>
            <ns3:hr>176</ns3:hr>
            <ns3:cad>86</ns3:cad>
          </ns3:TrackPointExtension>
        </extensions>
      </trkpt>
      <trkpt lat="38.99403487332165241241455078125" lon="-76.8382144533097743988037109375">
        <ele>66.59999847412109375</ele>
        <time>2025-05-13T17:14:48.000Z</time>
        <extensions>
          <ns3:TrackPointExtension>
            <ns3:hr>181</ns3:hr>
            <ns3:cad>86</ns3:cad>
          </ns3:TrackPointExtension>
        </extensions>
      </trkpt>
      <trkpt lat="38.9940123260021209716796875" lon="-76.838193498551845550537109375">
        <ele>66.40000152587890625</ele>
        <time>2025-05-13T17:14:49.000Z</time>
        <extensions>
          <ns3:TrackPointExtension>
            <ns3:hr>176</ns3:hr>
            <ns3:cad>86</ns3:cad>
          </ns3:TrackPointExtension>
        </extensions>
      </trkpt>
      <trkpt lat="38.99394233711063861846923828125" lon="-76.8381321430206298828125">
        <ele>66.1999969482421875</ele>
        <time>2025-05-13T17:14:52.000Z</time>
        <extensions>
          <ns3:TrackPointExtension>
            <ns3:hr>173</ns3:hr>
            <ns3:cad>86</ns3:cad>
          </ns3:TrackPointExtension>
        </extensions>
      </trkpt>
      <trkpt lat="38.9938943088054656982421875" lon="-76.8380994535982608795166015625">
        <ele>66</ele>
        <time>2025-05-13T17:14:54.000Z</time>
        <extensions>
          <ns3:TrackPointExtension>
            <ns3:hr>170</ns3:hr>
            <ns3:cad>86</ns3:cad>
          </ns3:TrackPointExtension>
        </extensions>
      </trkpt>
      <trkpt lat="38.99381409399211406707763671875" lon="-76.8380491621792316436767578125">
        <ele>65.8000030517578125</ele>
        <time>2025-05-13T17:14:57.000Z</time>
        <extensions>
          <ns3:TrackPointExtension>
            <ns3:hr>173</ns3:hr>
            <ns3:cad>84</ns3:cad>
          </ns3:TrackPointExtension>
        </extensions>
      </trkpt>
      <trkpt lat="38.99365014396607875823974609375" lon="-76.8379328213632106781005859375">
        <ele>65</ele>
        <time>2025-05-13T17:15:03.000Z</time>
        <extensions>
          <ns3:TrackPointExtension>
            <ns3:hr>174</ns3:hr>
            <ns3:cad>85</ns3:cad>
          </ns3:TrackPointExtension>
        </extensions>
      </trkpt>
      <trkpt lat="38.9935984276235103607177734375" lon="-76.8377014808356761932373046875">
        <ele>64</ele>
        <time>2025-05-13T17:15:11.000Z</time>
        <extensions>
          <ns3:TrackPointExtension>
            <ns3:hr>173</ns3:hr>
            <ns3:cad>86</ns3:cad>
          </ns3:TrackPointExtension>
        </extensions>
      </trkpt>
      <trkpt lat="38.99363656528294086456298828125" lon="-76.83746435679495334625244140625">
        <ele>64.1999969482421875</ele>
        <time>2025-05-13T17:15:19.000Z</time>
        <extensions>
          <ns3:TrackPointExtension>
            <ns3:hr>173</ns3:hr>
            <ns3:cad>85</ns3:cad>
          </ns3:TrackPointExtension>
        </extensions>
      </trkpt>
      <trkpt lat="38.99365114979445934295654296875" lon="-76.837197057902812957763671875">
        <ele>64</ele>
        <time>2025-05-13T17:15:27.000Z</time>
        <extensions>
          <ns3:TrackPointExtension>
            <ns3:hr>175</ns3:hr>
            <ns3:cad>86</ns3:cad>
          </ns3:TrackPointExtension>
        </extensions>
      </trkpt>
      <trkpt lat="38.993621729314327239990234375" lon="-76.83697267435491085052490234375">
        <ele>63.40000152587890625</ele>
        <time>2025-05-13T17:15:34.000Z</time>
        <extensions>
          <ns3:TrackPointExtension>
            <ns3:hr>173</ns3:hr>
            <ns3:cad>85</ns3:cad>
          </ns3:TrackPointExtension>
        </extensions>
      </trkpt>
      <trkpt lat="38.9935384131968021392822265625" lon="-76.8369367159903049468994140625">
        <ele>63</ele>
        <time>2025-05-13T17:15:38.000Z</time>
        <extensions>
          <ns3:TrackPointExtension>
            <ns3:hr>170</ns3:hr>
            <ns3:cad>81</ns3:cad>
          </ns3:TrackPointExtension>
        </extensions>
      </trkpt>
      <trkpt lat="38.9934938214719295501708984375" lon="-76.83692892082035541534423828125">
        <ele>62.799999237060546875</ele>
        <time>2025-05-13T17:15:39.000Z</time>
        <extensions>
          <ns3:TrackPointExtension>
            <ns3:hr>167</ns3:hr>
            <ns3:cad>82</ns3:cad>
          </ns3:TrackPointExtension>
        </extensions>
      </trkpt>
      <trkpt lat="38.99345316924154758453369140625" lon="-76.83692707680165767669677734375">
        <ele>62.799999237060546875</ele>
        <time>2025-05-13T17:15:42.000Z</time>
        <extensions>
          <ns3:TrackPointExtension>
            <ns3:hr>172</ns3:hr>
            <ns3:cad>85</ns3:cad>
          </ns3:TrackPointExtension>
        </extensions>
      </trkpt>
      <trkpt lat="38.9934036321938037872314453125" lon="-76.83693478815257549285888671875">
        <ele>62.59999847412109375</ele>
        <time>2025-05-13T17:15:44.000Z</time>
        <extensions>
          <ns3:TrackPointExtension>
            <ns3:hr>176</ns3:hr>
            <ns3:cad>86</ns3:cad>
          </ns3:TrackPointExtension>
        </extensions>
      </trkpt>
      <trkpt lat="38.99333775043487548828125" lon="-76.836944259703159332275390625">
        <ele>62.40000152587890625</ele>
        <time>2025-05-13T17:15:46.000Z</time>
        <extensions>
          <ns3:TrackPointExtension>
            <ns3:hr>176</ns3:hr>
            <ns3:cad>86</ns3:cad>
          </ns3:TrackPointExtension>
        </extensions>
      </trkpt>
      <trkpt lat="38.9931686036288738250732421875" lon="-76.83697988279163837432861328125">
        <ele>61.799999237060546875</ele>
        <time>2025-05-13T17:15:54.000Z</time>
        <extensions>
          <ns3:TrackPointExtension>
            <ns3:hr>173</ns3:hr>
            <ns3:cad>85</ns3:cad>
          </ns3:TrackPointExtension>
        </extensions>
      </trkpt>
      <trkpt lat="38.992992080748081207275390625" lon="-76.83707342483103275299072265625">
        <ele>61.59999847412109375</ele>
        <time>2025-05-13T17:16:01.000Z</time>
        <extensions>
          <ns3:TrackPointExtension>
            <ns3:hr>173</ns3:hr>
            <ns3:cad>85</ns3:cad>
          </ns3:TrackPointExtension>
        </extensions>
      </trkpt>
      <trkpt lat="38.9928232692182064056396484375" lon="-76.83721457608044147491455078125">
        <ele>61.40000152587890625</ele>
        <time>2025-05-13T17:16:08.000Z</time>
        <extensions>
          <ns3:TrackPointExtension>
            <ns3:hr>172</ns3:hr>
            <ns3:cad>85</ns3:cad>
          </ns3:TrackPointExtension>
        </extensions>
      </trkpt>
      <trkpt lat="38.9926780946552753448486328125" lon="-76.83738715946674346923828125">
        <ele>61.59999847412109375</ele>
        <time>2025-05-13T17:16:15.000Z</time>
        <extensions>
          <ns3:TrackPointExtension>
            <ns3:hr>170</ns3:hr>
            <ns3:cad>85</ns3:cad>
          </ns3:TrackPointExtension>
        </extensions>
      </trkpt>
      <trkpt lat="38.99257994256913661956787109375" lon="-76.83760265819728374481201171875">
        <ele>61.40000152587890625</ele>
        <time>2025-05-13T17:16:22.000Z</time>
        <extensions>
          <ns3:TrackPointExtension>
            <ns3:hr>173</ns3:hr>
            <ns3:cad>85</ns3:cad>
          </ns3:TrackPointExtension>
        </extensions>
      </trkpt>
      <trkpt lat="38.9925185032188892364501953125" lon="-76.83784020133316516876220703125">
        <ele>61</ele>
        <time>2025-05-13T17:16:29.000Z</time>
        <extensions>
          <ns3:TrackPointExtension>
            <ns3:hr>171</ns3:hr>
            <ns3:cad>85</ns3:cad>
          </ns3:TrackPointExtension>
        </extensions>
      </trkpt>
      <trkpt lat="38.99252462200820446014404296875" lon="-76.8380525149405002593994140625">
        <ele>61.200000762939453125</ele>
        <time>2025-05-13T17:16:35.000Z</time>
        <extensions>
          <ns3:TrackPointExtension>
            <ns3:hr>168</ns3:hr>
            <ns3:cad>85</ns3:cad>
          </ns3:TrackPointExtension>
        </extensions>
      </trkpt>
      <trkpt lat="38.99254591204226016998291015625" lon="-76.83828243054449558258056640625">
        <ele>61.200000762939453125</ele>
        <time>2025-05-13T17:16:41.000Z</time>
        <extensions>
          <ns3:TrackPointExtension>
            <ns3:hr>168</ns3:hr>
            <ns3:cad>84</ns3:cad>
          </ns3:TrackPointExtension>
        </extensions>
      </trkpt>
      <trkpt lat="38.99257776327431201934814453125" lon="-76.83852148242294788360595703125">
        <ele>61.200000762939453125</ele>
        <time>2025-05-13T17:16:48.000Z</time>
        <extensions>
          <ns3:TrackPointExtension>
            <ns3:hr>170</ns3:hr>
            <ns3:cad>85</ns3:cad>
          </ns3:TrackPointExtension>
        </extensions>
      </trkpt>
      <trkpt lat="38.99259167723357677459716796875" lon="-76.83861703611910343170166015625">
        <ele>61.40000152587890625</ele>
        <time>2025-05-13T17:16:51.000Z</time>
        <extensions>
          <ns3:TrackPointExtension>
            <ns3:hr>173</ns3:hr>
            <ns3:cad>86</ns3:cad>
          </ns3:TrackPointExtension>
        </extensions>
      </trkpt>
      <trkpt lat="38.99262637831270694732666015625" lon="-76.83887368999421596527099609375">
        <ele>61.40000152587890625</ele>
        <time>2025-05-13T17:16:58.000Z</time>
        <extensions>
          <ns3:TrackPointExtension>
            <ns3:hr>173</ns3:hr>
            <ns3:cad>85</ns3:cad>
          </ns3:TrackPointExtension>
        </extensions>
      </trkpt>
      <trkpt lat="38.9926780946552753448486328125" lon="-76.83910972438752651214599609375">
        <ele>61</ele>
        <time>2025-05-13T17:17:05.000Z</time>
        <extensions>
          <ns3:TrackPointExtension>
            <ns3:hr>174</ns3:hr>
            <ns3:cad>86</ns3:cad>
          </ns3:TrackPointExtension>
        </extensions>
      </trkpt>
      <trkpt lat="38.9927545376121997833251953125" lon="-76.8392403982579708099365234375">
        <ele>61</ele>
        <time>2025-05-13T17:17:10.000Z</time>
        <extensions>
          <ns3:TrackPointExtension>
            <ns3:hr>177</ns3:hr>
            <ns3:cad>86</ns3:cad>
          </ns3:TrackPointExtension>
        </extensions>
      </trkpt>
      <trkpt lat="38.99289476685225963592529296875" lon="-76.8394083715975284576416015625">
        <ele>61.40000152587890625</ele>
        <time>2025-05-13T17:17:17.000Z</time>
        <extensions>
          <ns3:TrackPointExtension>
            <ns3:hr>175</ns3:hr>
            <ns3:cad>85</ns3:cad>
          </ns3:TrackPointExtension>
        </extensions>
      </trkpt>
      <trkpt lat="38.99293868802487850189208984375" lon="-76.83945388533174991607666015625">
        <ele>61.59999847412109375</ele>
        <time>2025-05-13T17:17:19.000Z</time>
        <extensions>
          <ns3:TrackPointExtension>
            <ns3:hr>179</ns3:hr>
            <ns3:cad>85</ns3:cad>
          </ns3:TrackPointExtension>
        </extensions>
      </trkpt>
      <trkpt lat="38.993039019405841827392578125" lon="-76.8396893329918384552001953125">
        <ele>62</ele>
        <time>2025-05-13T17:17:26.000Z</time>
        <extensions>
          <ns3:TrackPointExtension>
            <ns3:hr>177</ns3:hr>
            <ns3:cad>85</ns3:cad>
          </ns3:TrackPointExtension>
        </extensions>
      </trkpt>
      <trkpt lat="38.9932158775627613067626953125" lon="-76.83979871682822704315185546875">
        <ele>62.40000152587890625</ele>
        <time>2025-05-13T17:17:33.000Z</time>
        <extensions>
          <ns3:TrackPointExtension>
            <ns3:hr>176</ns3:hr>
            <ns3:cad>86</ns3:cad>
          </ns3:TrackPointExtension>
        </extensions>
      </trkpt>
      <trkpt lat="38.993410170078277587890625" lon="-76.83980047702789306640625">
        <ele>62.40000152587890625</ele>
        <time>2025-05-13T17:17:42.000Z</time>
        <extensions>
          <ns3:TrackPointExtension>
            <ns3:hr>174</ns3:hr>
            <ns3:cad>85</ns3:cad>
          </ns3:TrackPointExtension>
        </extensions>
      </trkpt>
      <trkpt lat="38.99346423335373401641845703125" lon="-76.8399169854819774627685546875">
        <ele>62.40000152587890625</ele>
        <time>2025-05-13T17:17:47.000Z</time>
        <extensions>
          <ns3:TrackPointExtension>
            <ns3:hr>177</ns3:hr>
            <ns3:cad>84</ns3:cad>
          </ns3:TrackPointExtension>
        </extensions>
      </trkpt>
      <trkpt lat="38.9935407601296901702880859375" lon="-76.840129382908344268798828125">
        <ele>62.200000762939453125</ele>
        <time>2025-05-13T17:17:54.000Z</time>
        <extensions>
          <ns3:TrackPointExtension>
            <ns3:hr>175</ns3:hr>
            <ns3:cad>85</ns3:cad>
          </ns3:TrackPointExtension>
        </extensions>
      </trkpt>
      <trkpt lat="38.99361879564821720123291015625" lon="-76.84034622274339199066162109375">
        <ele>62</ele>
        <time>2025-05-13T17:18:01.000Z</time>
        <extensions>
          <ns3:TrackPointExtension>
            <ns3:hr>174</ns3:hr>
            <ns3:cad>85</ns3:cad>
          </ns3:TrackPointExtension>
        </extensions>
      </trkpt>
      <trkpt lat="38.993686102330684661865234375" lon="-76.8405654095113277435302734375">
        <ele>61.59999847412109375</ele>
        <time>2025-05-13T17:18:08.000Z</time>
        <extensions>
          <ns3:TrackPointExtension>
            <ns3:hr>171</ns3:hr>
            <ns3:cad>86</ns3:cad>
          </ns3:TrackPointExtension>
        </extensions>
      </trkpt>
      <trkpt lat="38.99375257082283496856689453125" lon="-76.84079934842884540557861328125">
        <ele>60.799999237060546875</ele>
        <time>2025-05-13T17:18:15.000Z</time>
        <extensions>
          <ns3:TrackPointExtension>
            <ns3:hr>172</ns3:hr>
            <ns3:cad>85</ns3:cad>
          </ns3:TrackPointExtension>
        </extensions>
      </trkpt>
      <trkpt lat="38.99381174705922603607177734375" lon="-76.8410140089690685272216796875">
        <ele>60</ele>
        <time>2025-05-13T17:18:22.000Z</time>
        <extensions>
          <ns3:TrackPointExtension>
            <ns3:hr>175</ns3:hr>
            <ns3:cad>85</ns3:cad>
          </ns3:TrackPointExtension>
        </extensions>
      </trkpt>
      <trkpt lat="38.99385969154536724090576171875" lon="-76.8412014283239841461181640625">
        <ele>60</ele>
        <time>2025-05-13T17:18:28.000Z</time>
        <extensions>
          <ns3:TrackPointExtension>
            <ns3:hr>172</ns3:hr>
            <ns3:cad>84</ns3:cad>
          </ns3:TrackPointExtension>
        </extensions>
      </trkpt>
      <trkpt lat="38.993935547769069671630859375" lon="-76.84143050573766231536865234375">
        <ele>60.200000762939453125</ele>
        <time>2025-05-13T17:18:36.000Z</time>
        <extensions>
          <ns3:TrackPointExtension>
            <ns3:hr>172</ns3:hr>
            <ns3:cad>85</ns3:cad>
          </ns3:TrackPointExtension>
        </extensions>
      </trkpt>
      <trkpt lat="38.9940634556114673614501953125" lon="-76.84159093536436557769775390625">
        <ele>60.59999847412109375</ele>
        <time>2025-05-13T17:18:46.000Z</time>
        <extensions>
          <ns3:TrackPointExtension>
            <ns3:hr>174</ns3:hr>
            <ns3:cad>83</ns3:cad>
          </ns3:TrackPointExtension>
        </extensions>
      </trkpt>
      <trkpt lat="38.994102180004119873046875" lon="-76.841587163507938385009765625">
        <ele>60.799999237060546875</ele>
        <time>2025-05-13T17:18:47.000Z</time>
        <extensions>
          <ns3:TrackPointExtension>
            <ns3:hr>174</ns3:hr>
            <ns3:cad>82</ns3:cad>
          </ns3:TrackPointExtension>
        </extensions>
      </trkpt>
      <trkpt lat="38.9942538924515247344970703125" lon="-76.841418184340000152587890625">
        <ele>61.40000152587890625</ele>
        <time>2025-05-13T17:18:56.000Z</time>
        <extensions>
          <ns3:TrackPointExtension>
            <ns3:hr>175</ns3:hr>
            <ns3:cad>84</ns3:cad>
          </ns3:TrackPointExtension>
        </extensions>
      </trkpt>
      <trkpt lat="38.9943973906338214874267578125" lon="-76.841257922351360321044921875">
        <ele>62</ele>
        <time>2025-05-13T17:19:03.000Z</time>
        <extensions>
          <ns3:TrackPointExtension>
            <ns3:hr>176</ns3:hr>
            <ns3:cad>84</ns3:cad>
          </ns3:TrackPointExtension>
        </extensions>
      </trkpt>
      <trkpt lat="38.99447408504784107208251953125" lon="-76.8412560783326625823974609375">
        <ele>62.200000762939453125</ele>
        <time>2025-05-13T17:19:06.000Z</time>
        <extensions>
          <ns3:TrackPointExtension>
            <ns3:hr>176</ns3:hr>
            <ns3:cad>84</ns3:cad>
          </ns3:TrackPointExtension>
        </extensions>
      </trkpt>
      <trkpt lat="38.99456880055367946624755859375" lon="-76.841453723609447479248046875">
        <ele>63</ele>
        <time>2025-05-13T17:19:13.000Z</time>
        <extensions>
          <ns3:TrackPointExtension>
            <ns3:hr>175</ns3:hr>
            <ns3:cad>83</ns3:cad>
          </ns3:TrackPointExtension>
        </extensions>
      </trkpt>
      <trkpt lat="38.9946595765650272369384765625" lon="-76.84166662395000457763671875">
        <ele>63.59999847412109375</ele>
        <time>2025-05-13T17:19:20.000Z</time>
        <extensions>
          <ns3:TrackPointExtension>
            <ns3:hr>174</ns3:hr>
            <ns3:cad>84</ns3:cad>
          </ns3:TrackPointExtension>
        </extensions>
      </trkpt>
      <trkpt lat="38.994714729487895965576171875" lon="-76.84190441854298114776611328125">
        <ele>63.799999237060546875</ele>
        <time>2025-05-13T17:19:27.000Z</time>
        <extensions>
          <ns3:TrackPointExtension>
            <ns3:hr>175</ns3:hr>
            <ns3:cad>86</ns3:cad>
          </ns3:TrackPointExtension>
        </extensions>
      </trkpt>
      <trkpt lat="38.9947604946792125701904296875" lon="-76.84215403161942958831787109375">
        <ele>63.200000762939453125</ele>
        <time>2025-05-13T17:19:34.000Z</time>
        <extensions>
          <ns3:TrackPointExtension>
            <ns3:hr>175</ns3:hr>
            <ns3:cad>85</ns3:cad>
          </ns3:TrackPointExtension>
        </extensions>
      </trkpt>
      <trkpt lat="38.9947967045009136199951171875" lon="-76.84239777736365795135498046875">
        <ele>63.40000152587890625</ele>
        <time>2025-05-13T17:19:41.000Z</time>
        <extensions>
          <ns3:TrackPointExtension>
            <ns3:hr>176</ns3:hr>
            <ns3:cad>86</ns3:cad>
          </ns3:TrackPointExtension>
        </extensions>
      </trkpt>
      <trkpt lat="38.994799554347991943359375" lon="-76.84264353476464748382568359375">
        <ele>63.200000762939453125</ele>
        <time>2025-05-13T17:19:48.000Z</time>
        <extensions>
          <ns3:TrackPointExtension>
            <ns3:hr>175</ns3:hr>
            <ns3:cad>85</ns3:cad>
          </ns3:TrackPointExtension>
        </extensions>
      </trkpt>
      <trkpt lat="38.99478471837937831878662109375" lon="-76.8428771384060382843017578125">
        <ele>63.200000762939453125</ele>
        <time>2025-05-13T17:19:55.000Z</time>
        <extensions>
          <ns3:TrackPointExtension>
            <ns3:hr>177</ns3:hr>
            <ns3:cad>85</ns3:cad>
          </ns3:TrackPointExtension>
        </extensions>
      </trkpt>
      <trkpt lat="38.99471296928822994232177734375" lon="-76.84308945201337337493896484375">
        <ele>63.40000152587890625</ele>
        <time>2025-05-13T17:20:02.000Z</time>
        <extensions>
          <ns3:TrackPointExtension>
            <ns3:hr>178</ns3:hr>
            <ns3:cad>85</ns3:cad>
          </ns3:TrackPointExtension>
        </extensions>
      </trkpt>
      <trkpt lat="38.994618169963359832763671875" lon="-76.84331123717129230499267578125">
        <ele>63.40000152587890625</ele>
        <time>2025-05-13T17:20:10.000Z</time>
        <extensions>
          <ns3:TrackPointExtension>
            <ns3:hr>179</ns3:hr>
            <ns3:cad>85</ns3:cad>
          </ns3:TrackPointExtension>
        </extensions>
      </trkpt>
      <trkpt lat="38.99451448582112789154052734375" lon="-76.843511648476123809814453125">
        <ele>62.40000152587890625</ele>
        <time>2025-05-13T17:20:17.000Z</time>
        <extensions>
          <ns3:TrackPointExtension>
            <ns3:hr>179</ns3:hr>
            <ns3:cad>85</ns3:cad>
          </ns3:TrackPointExtension>
        </extensions>
      </trkpt>
      <trkpt lat="38.99446855299174785614013671875" lon="-76.843627989292144775390625">
        <ele>62</ele>
        <time>2025-05-13T17:20:21.000Z</time>
        <extensions>
          <ns3:TrackPointExtension>
            <ns3:hr>178</ns3:hr>
            <ns3:cad>86</ns3:cad>
          </ns3:TrackPointExtension>
        </extensions>
      </trkpt>
      <trkpt lat="38.9945117197930812835693359375" lon="-76.84376352466642856597900390625">
        <ele>62.200000762939453125</ele>
        <time>2025-05-13T17:20:25.000Z</time>
        <extensions>
          <ns3:TrackPointExtension>
            <ns3:hr>175</ns3:hr>
            <ns3:cad>84</ns3:cad>
          </ns3:TrackPointExtension>
        </extensions>
      </trkpt>
      <trkpt lat="38.99459235370159149169921875" lon="-76.84387383051216602325439453125">
        <ele>62.59999847412109375</ele>
        <time>2025-05-13T17:20:29.000Z</time>
        <extensions>
          <ns3:TrackPointExtension>
            <ns3:hr>172</ns3:hr>
            <ns3:cad>84</ns3:cad>
          </ns3:TrackPointExtension>
        </extensions>
      </trkpt>
      <trkpt lat="38.99468849413096904754638671875" lon="-76.8439366109669208526611328125">
        <ele>62.799999237060546875</ele>
        <time>2025-05-13T17:20:33.000Z</time>
        <extensions>
          <ns3:TrackPointExtension>
            <ns3:hr>175</ns3:hr>
            <ns3:cad>84</ns3:cad>
          </ns3:TrackPointExtension>
        </extensions>
      </trkpt>
      <trkpt lat="38.9947380311787128448486328125" lon="-76.84396670199930667877197265625">
        <ele>63</ele>
        <time>2025-05-13T17:20:35.000Z</time>
        <extensions>
          <ns3:TrackPointExtension>
            <ns3:hr>178</ns3:hr>
            <ns3:cad>84</ns3:cad>
          </ns3:TrackPointExtension>
        </extensions>
      </trkpt>
      <trkpt lat="38.99491396732628345489501953125" lon="-76.84406585991382598876953125">
        <ele>63.799999237060546875</ele>
        <time>2025-05-13T17:20:42.000Z</time>
        <extensions>
          <ns3:TrackPointExtension>
            <ns3:hr>178</ns3:hr>
            <ns3:cad>85</ns3:cad>
          </ns3:TrackPointExtension>
        </extensions>
      </trkpt>
      <trkpt lat="38.99504086934030055999755859375" lon="-76.84423877857625484466552734375">
        <ele>64.40000152587890625</ele>
        <time>2025-05-13T17:20:49.000Z</time>
        <extensions>
          <ns3:TrackPointExtension>
            <ns3:hr>178</ns3:hr>
            <ns3:cad>84</ns3:cad>
          </ns3:TrackPointExtension>
        </extensions>
      </trkpt>
      <trkpt lat="38.9949733950197696685791015625" lon="-76.84447028674185276031494140625">
        <ele>64</ele>
        <time>2025-05-13T17:20:56.000Z</time>
        <extensions>
          <ns3:TrackPointExtension>
            <ns3:hr>177</ns3:hr>
            <ns3:cad>84</ns3:cad>
          </ns3:TrackPointExtension>
        </extensions>
      </trkpt>
      <trkpt lat="38.9948560483753681182861328125" lon="-76.844683103263378143310546875">
        <ele>63.40000152587890625</ele>
        <time>2025-05-13T17:21:03.000Z</time>
        <extensions>
          <ns3:TrackPointExtension>
            <ns3:hr>176</ns3:hr>
            <ns3:cad>86</ns3:cad>
          </ns3:TrackPointExtension>
        </extensions>
      </trkpt>
      <trkpt lat="38.99477264843881130218505859375" lon="-76.844864822924137115478515625">
        <ele>62.40000152587890625</ele>
        <time>2025-05-13T17:21:09.000Z</time>
        <extensions>
          <ns3:TrackPointExtension>
            <ns3:hr>173</ns3:hr>
            <ns3:cad>84</ns3:cad>
          </ns3:TrackPointExtension>
        </extensions>
      </trkpt>
      <trkpt lat="38.99473182857036590576171875" lon="-76.8449878692626953125">
        <ele>62</ele>
        <time>2025-05-13T17:21:13.000Z</time>
        <extensions>
          <ns3:TrackPointExtension>
            <ns3:hr>169</ns3:hr>
            <ns3:cad>84</ns3:cad>
          </ns3:TrackPointExtension>
        </extensions>
      </trkpt>
      <trkpt lat="38.99472185410559177398681640625" lon="-76.84501997195184230804443359375">
        <ele>62</ele>
        <time>2025-05-13T17:21:14.000Z</time>
        <extensions>
          <ns3:TrackPointExtension>
            <ns3:hr>163</ns3:hr>
            <ns3:cad>83</ns3:cad>
          </ns3:TrackPointExtension>
        </extensions>
      </trkpt>
      <trkpt lat="38.9947098679840564727783203125" lon="-76.845051236450672149658203125">
        <ele>62</ele>
        <time>2025-05-13T17:21:15.000Z</time>
        <extensions>
          <ns3:TrackPointExtension>
            <ns3:hr>163</ns3:hr>
            <ns3:cad>83</ns3:cad>
          </ns3:TrackPointExtension>
        </extensions>
      </trkpt>
      <trkpt lat="38.994641639292240142822265625" lon="-76.8452525697648525238037109375">
        <ele>61.799999237060546875</ele>
        <time>2025-05-13T17:21:22.000Z</time>
        <extensions>
          <ns3:TrackPointExtension>
            <ns3:hr>160</ns3:hr>
            <ns3:cad>85</ns3:cad>
          </ns3:TrackPointExtension>
        </extensions>
      </trkpt>
      <trkpt lat="38.99455589242279529571533203125" lon="-76.845460273325443267822265625">
        <ele>61</ele>
        <time>2025-05-13T17:21:29.000Z</time>
        <extensions>
          <ns3:TrackPointExtension>
            <ns3:hr>161</ns3:hr>
            <ns3:cad>84</ns3:cad>
          </ns3:TrackPointExtension>
        </extensions>
      </trkpt>
      <trkpt lat="38.994466625154018402099609375" lon="-76.84566454030573368072509765625">
        <ele>61</ele>
        <time>2025-05-13T17:21:36.000Z</time>
        <extensions>
          <ns3:TrackPointExtension>
            <ns3:hr>163</ns3:hr>
            <ns3:cad>85</ns3:cad>
          </ns3:TrackPointExtension>
        </extensions>
      </trkpt>
      <trkpt lat="38.99437869898974895477294921875" lon="-76.84590912424027919769287109375">
        <ele>61.59999847412109375</ele>
        <time>2025-05-13T17:21:43.000Z</time>
        <extensions>
          <ns3:TrackPointExtension>
            <ns3:hr>165</ns3:hr>
            <ns3:cad>82</ns3:cad>
          </ns3:TrackPointExtension>
        </extensions>
      </trkpt>
      <trkpt lat="38.9942947961390018463134765625" lon="-76.84614331461489200592041015625">
        <ele>62.40000152587890625</ele>
        <time>2025-05-13T17:21:50.000Z</time>
        <extensions>
          <ns3:TrackPointExtension>
            <ns3:hr>167</ns3:hr>
            <ns3:cad>85</ns3:cad>
          </ns3:TrackPointExtension>
        </extensions>
      </trkpt>
      <trkpt lat="38.9941995777189731597900390625" lon="-76.846347749233245849609375">
        <ele>62.799999237060546875</ele>
        <time>2025-05-13T17:21:57.000Z</time>
        <extensions>
          <ns3:TrackPointExtension>
            <ns3:hr>170</ns3:hr>
            <ns3:cad>84</ns3:cad>
          </ns3:TrackPointExtension>
        </extensions>
      </trkpt>
      <trkpt lat="38.99407812394201755523681640625" lon="-76.84656961821019649505615234375">
        <ele>62.40000152587890625</ele>
        <time>2025-05-13T17:22:04.000Z</time>
        <extensions>
          <ns3:TrackPointExtension>
            <ns3:hr>171</ns3:hr>
            <ns3:cad>85</ns3:cad>
          </ns3:TrackPointExtension>
        </extensions>
      </trkpt>
      <trkpt lat="38.9939927123486995697021484375" lon="-76.84679391793906688690185546875">
        <ele>62.59999847412109375</ele>
        <time>2025-05-13T17:22:14.000Z</time>
        <extensions>
          <ns3:TrackPointExtension>
            <ns3:hr>171</ns3:hr>
            <ns3:cad>82</ns3:cad>
          </ns3:TrackPointExtension>
        </extensions>
      </trkpt>
      <trkpt lat="38.99391585029661655426025390625" lon="-76.84702190570533275604248046875">
        <ele>62.40000152587890625</ele>
        <time>2025-05-13T17:22:22.000Z</time>
        <extensions>
          <ns3:TrackPointExtension>
            <ns3:hr>170</ns3:hr>
            <ns3:cad>86</ns3:cad>
          </ns3:TrackPointExtension>
        </extensions>
      </trkpt>
      <trkpt lat="38.99384795688092708587646484375" lon="-76.84727336280047893524169921875">
        <ele>61.200000762939453125</ele>
        <time>2025-05-13T17:22:30.000Z</time>
        <extensions>
          <ns3:TrackPointExtension>
            <ns3:hr>172</ns3:hr>
            <ns3:cad>86</ns3:cad>
          </ns3:TrackPointExtension>
        </extensions>
      </trkpt>
      <trkpt lat="38.99380655027925968170166015625" lon="-76.8475237302482128143310546875">
        <ele>60.200000762939453125</ele>
        <time>2025-05-13T17:22:37.000Z</time>
        <extensions>
          <ns3:TrackPointExtension>
            <ns3:hr>172</ns3:hr>
            <ns3:cad>85</ns3:cad>
          </ns3:TrackPointExtension>
        </extensions>
      </trkpt>
      <trkpt lat="38.99377520196139812469482421875" lon="-76.84775616042315959930419921875">
        <ele>60.40000152587890625</ele>
        <time>2025-05-13T17:22:44.000Z</time>
        <extensions>
          <ns3:TrackPointExtension>
            <ns3:hr>172</ns3:hr>
            <ns3:cad>85</ns3:cad>
          </ns3:TrackPointExtension>
        </extensions>
      </trkpt>
      <trkpt lat="38.9937650598585605621337890625" lon="-76.847914494574069976806640625">
        <ele>60.40000152587890625</ele>
        <time>2025-05-13T17:22:49.000Z</time>
        <extensions>
          <ns3:TrackPointExtension>
            <ns3:hr>169</ns3:hr>
            <ns3:cad>84</ns3:cad>
          </ns3:TrackPointExtension>
        </extensions>
      </trkpt>
      <trkpt lat="38.993760533630847930908203125" lon="-76.84814843349158763885498046875">
        <ele>59.799999237060546875</ele>
        <time>2025-05-13T17:22:56.000Z</time>
        <extensions>
          <ns3:TrackPointExtension>
            <ns3:hr>171</ns3:hr>
            <ns3:cad>85</ns3:cad>
          </ns3:TrackPointExtension>
        </extensions>
      </trkpt>
      <trkpt lat="38.9937633834779262542724609375" lon="-76.84840441681444644927978515625">
        <ele>59</ele>
        <time>2025-05-13T17:23:03.000Z</time>
        <extensions>
          <ns3:TrackPointExtension>
            <ns3:hr>172</ns3:hr>
            <ns3:cad>85</ns3:cad>
          </ns3:TrackPointExtension>
        </extensions>
      </trkpt>
      <trkpt lat="38.99374469183385372161865234375" lon="-76.84843710623681545257568359375">
        <ele>59</ele>
        <time>2025-05-13T17:23:04.000Z</time>
        <extensions>
          <ns3:TrackPointExtension>
            <ns3:hr>172</ns3:hr>
            <ns3:cad>85</ns3:cad>
          </ns3:TrackPointExtension>
        </extensions>
      </trkpt>
      <trkpt lat="38.9935608766973018646240234375" lon="-76.84853735379874706268310546875">
        <ele>59</ele>
        <time>2025-05-13T17:23:11.000Z</time>
        <extensions>
          <ns3:TrackPointExtension>
            <ns3:hr>172</ns3:hr>
            <ns3:cad>86</ns3:cad>
          </ns3:TrackPointExtension>
        </extensions>
      </trkpt>
      <trkpt lat="38.9933690987527370452880859375" lon="-76.84856467880308628082275390625">
        <ele>59.59999847412109375</ele>
        <time>2025-05-13T17:23:20.000Z</time>
        <extensions>
          <ns3:TrackPointExtension>
            <ns3:hr>172</ns3:hr>
            <ns3:cad>84</ns3:cad>
          </ns3:TrackPointExtension>
        </extensions>
      </trkpt>
      <trkpt lat="38.99318880401551723480224609375" lon="-76.84855327941477298736572265625">
        <ele>59.40000152587890625</ele>
        <time>2025-05-13T17:23:27.000Z</time>
        <extensions>
          <ns3:TrackPointExtension>
            <ns3:hr>172</ns3:hr>
            <ns3:cad>84</ns3:cad>
          </ns3:TrackPointExtension>
        </extensions>
      </trkpt>
      <trkpt lat="38.99300507269799709320068359375" lon="-76.84854992665350437164306640625">
        <ele>59</ele>
        <time>2025-05-13T17:23:34.000Z</time>
        <extensions>
          <ns3:TrackPointExtension>
            <ns3:hr>170</ns3:hr>
            <ns3:cad>84</ns3:cad>
          </ns3:TrackPointExtension>
        </extensions>
      </trkpt>
      <trkpt lat="38.99281044490635395050048828125" lon="-76.8485801853239536285400390625">
        <ele>59.59999847412109375</ele>
        <time>2025-05-13T17:23:42.000Z</time>
        <extensions>
          <ns3:TrackPointExtension>
            <ns3:hr>172</ns3:hr>
            <ns3:cad>84</ns3:cad>
          </ns3:TrackPointExtension>
        </extensions>
      </trkpt>
      <trkpt lat="38.99279099889099597930908203125" lon="-76.848589740693569183349609375">
        <ele>59.799999237060546875</ele>
        <time>2025-05-13T17:23:43.000Z</time>
        <extensions>
          <ns3:TrackPointExtension>
            <ns3:hr>172</ns3:hr>
            <ns3:cad>84</ns3:cad>
          </ns3:TrackPointExtension>
        </extensions>
      </trkpt>
      <trkpt lat="38.9927195012569427490234375" lon="-76.848822422325611114501953125">
        <ele>59.200000762939453125</ele>
        <time>2025-05-13T17:23:51.000Z</time>
        <extensions>
          <ns3:TrackPointExtension>
            <ns3:hr>170</ns3:hr>
            <ns3:cad>84</ns3:cad>
          </ns3:TrackPointExtension>
        </extensions>
      </trkpt>
      <trkpt lat="38.992699049413204193115234375" lon="-76.848992407321929931640625">
        <ele>59.200000762939453125</ele>
        <time>2025-05-13T17:23:56.000Z</time>
        <extensions>
          <ns3:TrackPointExtension>
            <ns3:hr>173</ns3:hr>
            <ns3:cad>84</ns3:cad>
          </ns3:TrackPointExtension>
        </extensions>
      </trkpt>
      <trkpt lat="38.992606513202190399169921875" lon="-76.84920321218669414520263671875">
        <ele>59.200000762939453125</ele>
        <time>2025-05-13T17:24:03.000Z</time>
        <extensions>
          <ns3:TrackPointExtension>
            <ns3:hr>172</ns3:hr>
            <ns3:cad>84</ns3:cad>
          </ns3:TrackPointExtension>
        </extensions>
      </trkpt>
      <trkpt lat="38.9925503544509410858154296875" lon="-76.8494237400591373443603515625">
        <ele>58.40000152587890625</ele>
        <time>2025-05-13T17:24:10.000Z</time>
        <extensions>
          <ns3:TrackPointExtension>
            <ns3:hr>173</ns3:hr>
            <ns3:cad>85</ns3:cad>
          </ns3:TrackPointExtension>
        </extensions>
      </trkpt>
      <trkpt lat="38.99253954179584980010986328125" lon="-76.8496829085052013397216796875">
        <ele>56.799999237060546875</ele>
        <time>2025-05-13T17:24:18.000Z</time>
        <extensions>
          <ns3:TrackPointExtension>
            <ns3:hr>172</ns3:hr>
            <ns3:cad>84</ns3:cad>
          </ns3:TrackPointExtension>
        </extensions>
      </trkpt>
      <trkpt lat="38.99253434501588344573974609375" lon="-76.8499454297125339508056640625">
        <ele>55.799999237060546875</ele>
        <time>2025-05-13T17:24:26.000Z</time>
        <extensions>
          <ns3:TrackPointExtension>
            <ns3:hr>170</ns3:hr>
            <ns3:cad>84</ns3:cad>
          </ns3:TrackPointExtension>
        </extensions>
      </trkpt>
      <trkpt lat="38.99251841939985752105712890625" lon="-76.85000837780535221099853515625">
        <ele>55.59999847412109375</ele>
        <time>2025-05-13T17:24:27.000Z</time>
        <extensions>
          <ns3:TrackPointExtension>
            <ns3:hr>170</ns3:hr>
            <ns3:cad>84</ns3:cad>
          </ns3:TrackPointExtension>
        </extensions>
      </trkpt>
      <trkpt lat="38.9923522062599658966064453125" lon="-76.8501036800444126129150390625">
        <ele>55.40000152587890625</ele>
        <time>2025-05-13T17:24:35.000Z</time>
        <extensions>
          <ns3:TrackPointExtension>
            <ns3:hr>170</ns3:hr>
            <ns3:cad>85</ns3:cad>
          </ns3:TrackPointExtension>
        </extensions>
      </trkpt>
      <trkpt lat="38.99223695509135723114013671875" lon="-76.8501610122621059417724609375">
        <ele>55.200000762939453125</ele>
        <time>2025-05-13T17:24:40.000Z</time>
        <extensions>
          <ns3:TrackPointExtension>
            <ns3:hr>167</ns3:hr>
            <ns3:cad>81</ns3:cad>
          </ns3:TrackPointExtension>
        </extensions>
      </trkpt>
      <trkpt lat="38.99215959012508392333984375" lon="-76.850325129926204681396484375">
        <ele>55</ele>
        <time>2025-05-13T17:24:47.000Z</time>
        <extensions>
          <ns3:TrackPointExtension>
            <ns3:hr>170</ns3:hr>
            <ns3:cad>84</ns3:cad>
          </ns3:TrackPointExtension>
        </extensions>
      </trkpt>
      <trkpt lat="38.99215330369770526885986328125" lon="-76.85042093507945537567138671875">
        <ele>55</ele>
        <time>2025-05-13T17:24:50.000Z</time>
        <extensions>
          <ns3:TrackPointExtension>
            <ns3:hr>174</ns3:hr>
            <ns3:cad>85</ns3:cad>
          </ns3:TrackPointExtension>
        </extensions>
      </trkpt>
      <trkpt lat="38.99215749464929103851318359375" lon="-76.8504922650754451751708984375">
        <ele>55</ele>
        <time>2025-05-13T17:24:52.000Z</time>
        <extensions>
          <ns3:TrackPointExtension>
            <ns3:hr>177</ns3:hr>
            <ns3:cad>85</ns3:cad>
          </ns3:TrackPointExtension>
        </extensions>
      </trkpt>
      <trkpt lat="38.9921785332262516021728515625" lon="-76.8507075123488903045654296875">
        <ele>55</ele>
        <time>2025-05-13T17:24:58.000Z</time>
        <extensions>
          <ns3:TrackPointExtension>
            <ns3:hr>178</ns3:hr>
            <ns3:cad>84</ns3:cad>
          </ns3:TrackPointExtension>
        </extensions>
      </trkpt>
      <trkpt lat="38.99217836558818817138671875" lon="-76.850891076028347015380859375">
        <ele>55</ele>
        <time>2025-05-13T17:25:03.000Z</time>
        <extensions>
          <ns3:TrackPointExtension>
            <ns3:hr>181</ns3:hr>
            <ns3:cad>86</ns3:cad>
          </ns3:TrackPointExtension>
        </extensions>
      </trkpt>
      <trkpt lat="38.99215833283960819244384765625" lon="-76.85113322921097278594970703125">
        <ele>55</ele>
        <time>2025-05-13T17:25:10.000Z</time>
        <extensions>
          <ns3:TrackPointExtension>
            <ns3:hr>178</ns3:hr>
            <ns3:cad>84</ns3:cad>
          </ns3:TrackPointExtension>
        </extensions>
      </trkpt>
      <trkpt lat="38.99215665645897388458251953125" lon="-76.851389296352863311767578125">
        <ele>55</ele>
        <time>2025-05-13T17:25:17.000Z</time>
        <extensions>
          <ns3:TrackPointExtension>
            <ns3:hr>176</ns3:hr>
            <ns3:cad>85</ns3:cad>
          </ns3:TrackPointExtension>
        </extensions>
      </trkpt>
      <trkpt lat="38.99221298284828662872314453125" lon="-76.85156799852848052978515625">
        <ele>55</ele>
        <time>2025-05-13T17:25:22.000Z</time>
        <extensions>
          <ns3:TrackPointExtension>
            <ns3:hr>179</ns3:hr>
            <ns3:cad>85</ns3:cad>
          </ns3:TrackPointExtension>
        </extensions>
      </trkpt>
      <trkpt lat="38.9922147430479526519775390625" lon="-76.8518088944256305694580078125">
        <ele>55</ele>
        <time>2025-05-13T17:25:29.000Z</time>
        <extensions>
          <ns3:TrackPointExtension>
            <ns3:hr>178</ns3:hr>
            <ns3:cad>84</ns3:cad>
          </ns3:TrackPointExtension>
        </extensions>
      </trkpt>
      <trkpt lat="38.9922204427421092987060546875" lon="-76.85204484499990940093994140625">
        <ele>55</ele>
        <time>2025-05-13T17:25:36.000Z</time>
        <extensions>
          <ns3:TrackPointExtension>
            <ns3:hr>176</ns3:hr>
            <ns3:cad>84</ns3:cad>
          </ns3:TrackPointExtension>
        </extensions>
      </trkpt>
      <trkpt lat="38.992212228477001190185546875" lon="-76.8522880040109157562255859375">
        <ele>55</ele>
        <time>2025-05-13T17:25:43.000Z</time>
        <extensions>
          <ns3:TrackPointExtension>
            <ns3:hr>175</ns3:hr>
            <ns3:cad>85</ns3:cad>
          </ns3:TrackPointExtension>
        </extensions>
      </trkpt>
      <trkpt lat="38.992216922342777252197265625" lon="-76.8525237031280994415283203125">
        <ele>55</ele>
        <time>2025-05-13T17:25:50.000Z</time>
        <extensions>
          <ns3:TrackPointExtension>
            <ns3:hr>175</ns3:hr>
            <ns3:cad>85</ns3:cad>
          </ns3:TrackPointExtension>
        </extensions>
      </trkpt>
      <trkpt lat="38.99220040999352931976318359375" lon="-76.852762587368488311767578125">
        <ele>55</ele>
        <time>2025-05-13T17:25:57.000Z</time>
        <extensions>
          <ns3:TrackPointExtension>
            <ns3:hr>175</ns3:hr>
            <ns3:cad>85</ns3:cad>
          </ns3:TrackPointExtension>
        </extensions>
      </trkpt>
      <trkpt lat="38.99219445884227752685546875" lon="-76.8530235998332500457763671875">
        <ele>55.200000762939453125</ele>
        <time>2025-05-13T17:26:05.000Z</time>
        <extensions>
          <ns3:TrackPointExtension>
            <ns3:hr>173</ns3:hr>
            <ns3:cad>84</ns3:cad>
          </ns3:TrackPointExtension>
        </extensions>
      </trkpt>
      <trkpt lat="38.9922197721898555755615234375" lon="-76.85328352265059947967529296875">
        <ele>56.200000762939453125</ele>
        <time>2025-05-13T17:26:13.000Z</time>
        <extensions>
          <ns3:TrackPointExtension>
            <ns3:hr>173</ns3:hr>
            <ns3:cad>84</ns3:cad>
          </ns3:TrackPointExtension>
        </extensions>
      </trkpt>
      <trkpt lat="38.9922340214252471923828125" lon="-76.853522323071956634521484375">
        <ele>57</ele>
        <time>2025-05-13T17:26:21.000Z</time>
        <extensions>
          <ns3:TrackPointExtension>
            <ns3:hr>175</ns3:hr>
            <ns3:cad>83</ns3:cad>
          </ns3:TrackPointExtension>
        </extensions>
      </trkpt>
      <trkpt lat="38.9922415651381015777587890625" lon="-76.8537819944322109222412109375">
        <ele>57</ele>
        <time>2025-05-13T17:26:29.000Z</time>
        <extensions>
          <ns3:TrackPointExtension>
            <ns3:hr>176</ns3:hr>
            <ns3:cad>83</ns3:cad>
          </ns3:TrackPointExtension>
        </extensions>
      </trkpt>
      <trkpt lat="38.9922367036342620849609375" lon="-76.8540435098111629486083984375">
        <ele>57.799999237060546875</ele>
        <time>2025-05-13T17:26:37.000Z</time>
        <extensions>
          <ns3:TrackPointExtension>
            <ns3:hr>174</ns3:hr>
            <ns3:cad>85</ns3:cad>
          </ns3:TrackPointExtension>
        </extensions>
      </trkpt>
      <trkpt lat="38.9922432415187358856201171875" lon="-76.85429538600146770477294921875">
        <ele>58.799999237060546875</ele>
        <time>2025-05-13T17:26:45.000Z</time>
        <extensions>
          <ns3:TrackPointExtension>
            <ns3:hr>174</ns3:hr>
            <ns3:cad>85</ns3:cad>
          </ns3:TrackPointExtension>
        </extensions>
      </trkpt>
      <trkpt lat="38.99223460815846920013427734375" lon="-76.854556314647197723388671875">
        <ele>59</ele>
        <time>2025-05-13T17:26:52.000Z</time>
        <extensions>
          <ns3:TrackPointExtension>
            <ns3:hr>176</ns3:hr>
            <ns3:cad>84</ns3:cad>
          </ns3:TrackPointExtension>
        </extensions>
      </trkpt>
      <trkpt lat="38.9922100491821765899658203125" lon="-76.854812465608119964599609375">
        <ele>59</ele>
        <time>2025-05-13T17:26:59.000Z</time>
        <extensions>
          <ns3:TrackPointExtension>
            <ns3:hr>173</ns3:hr>
            <ns3:cad>86</ns3:cad>
          </ns3:TrackPointExtension>
        </extensions>
      </trkpt>
      <trkpt lat="38.99219839833676815032958984375" lon="-76.855054534971714019775390625">
        <ele>59.40000152587890625</ele>
        <time>2025-05-13T17:27:06.000Z</time>
        <extensions>
          <ns3:TrackPointExtension>
            <ns3:hr>173</ns3:hr>
            <ns3:cad>42</ns3:cad>
          </ns3:TrackPointExtension>
        </extensions>
      </trkpt>
      <trkpt lat="38.9921359531581401824951171875" lon="-76.855288557708263397216796875">
        <ele>60.200000762939453125</ele>
        <time>2025-05-13T17:27:13.000Z</time>
        <extensions>
          <ns3:TrackPointExtension>
            <ns3:hr>175</ns3:hr>
            <ns3:cad>84</ns3:cad>
          </ns3:TrackPointExtension>
        </extensions>
      </trkpt>
      <trkpt lat="38.99215363897383213043212890625" lon="-76.8555448763072490692138671875">
        <ele>60.200000762939453125</ele>
        <time>2025-05-13T17:27:22.000Z</time>
        <extensions>
          <ns3:TrackPointExtension>
            <ns3:hr>175</ns3:hr>
            <ns3:cad>84</ns3:cad>
          </ns3:TrackPointExtension>
        </extensions>
      </trkpt>
      <trkpt lat="38.9921614341437816619873046875" lon="-76.85579993762075901031494140625">
        <ele>60.200000762939453125</ele>
        <time>2025-05-13T17:27:30.000Z</time>
        <extensions>
          <ns3:TrackPointExtension>
            <ns3:hr>174</ns3:hr>
            <ns3:cad>83</ns3:cad>
          </ns3:TrackPointExtension>
        </extensions>
      </trkpt>
      <trkpt lat="38.9921533875167369842529296875" lon="-76.85605156235396862030029296875">
        <ele>61</ele>
        <time>2025-05-13T17:27:38.000Z</time>
        <extensions>
          <ns3:TrackPointExtension>
            <ns3:hr>176</ns3:hr>
            <ns3:cad>84</ns3:cad>
          </ns3:TrackPointExtension>
        </extensions>
      </trkpt>
      <trkpt lat="38.99213972501456737518310546875" lon="-76.85629312880337238311767578125">
        <ele>61</ele>
        <time>2025-05-13T17:27:45.000Z</time>
        <extensions>
          <ns3:TrackPointExtension>
            <ns3:hr>178</ns3:hr>
            <ns3:cad>84</ns3:cad>
          </ns3:TrackPointExtension>
        </extensions>
      </trkpt>
      <trkpt lat="38.992122374475002288818359375" lon="-76.85654240660369396209716796875">
        <ele>61.40000152587890625</ele>
        <time>2025-05-13T17:27:52.000Z</time>
        <extensions>
          <ns3:TrackPointExtension>
            <ns3:hr>176</ns3:hr>
            <ns3:cad>84</ns3:cad>
          </ns3:TrackPointExtension>
        </extensions>
      </trkpt>
      <trkpt lat="38.9921356178820133209228515625" lon="-76.8567545525729656219482421875">
        <ele>61.59999847412109375</ele>
        <time>2025-05-13T17:27:58.000Z</time>
        <extensions>
          <ns3:TrackPointExtension>
            <ns3:hr>173</ns3:hr>
            <ns3:cad>83</ns3:cad>
          </ns3:TrackPointExtension>
        </extensions>
      </trkpt>
      <trkpt lat="38.99214374832808971405029296875" lon="-76.8570039980113506317138671875">
        <ele>62</ele>
        <time>2025-05-13T17:28:07.000Z</time>
        <extensions>
          <ns3:TrackPointExtension>
            <ns3:hr>171</ns3:hr>
            <ns3:cad>83</ns3:cad>
          </ns3:TrackPointExtension>
        </extensions>
      </trkpt>
      <trkpt lat="38.99214408360421657562255859375" lon="-76.8572541140019893646240234375">
        <ele>62.40000152587890625</ele>
        <time>2025-05-13T17:28:15.000Z</time>
        <extensions>
          <ns3:TrackPointExtension>
            <ns3:hr>172</ns3:hr>
            <ns3:cad>83</ns3:cad>
          </ns3:TrackPointExtension>
        </extensions>
      </trkpt>
      <trkpt lat="38.99214995093643665313720703125" lon="-76.8575035594403743743896484375">
        <ele>63</ele>
        <time>2025-05-13T17:28:23.000Z</time>
        <extensions>
          <ns3:TrackPointExtension>
            <ns3:hr>173</ns3:hr>
            <ns3:cad>83</ns3:cad>
          </ns3:TrackPointExtension>
        </extensions>
      </trkpt>
      <trkpt lat="38.99216101504862308502197265625" lon="-76.85775342397391796112060546875">
        <ele>63.200000762939453125</ele>
        <time>2025-05-13T17:28:31.000Z</time>
        <extensions>
          <ns3:TrackPointExtension>
            <ns3:hr>171</ns3:hr>
            <ns3:cad>84</ns3:cad>
          </ns3:TrackPointExtension>
        </extensions>
      </trkpt>
      <trkpt lat="38.9921644516289234161376953125" lon="-76.85801041312515735626220703125">
        <ele>64</ele>
        <time>2025-05-13T17:28:38.000Z</time>
        <extensions>
          <ns3:TrackPointExtension>
            <ns3:hr>173</ns3:hr>
            <ns3:cad>85</ns3:cad>
          </ns3:TrackPointExtension>
        </extensions>
      </trkpt>
      <trkpt lat="38.99214777164161205291748046875" lon="-76.8582589365541934967041015625">
        <ele>64</ele>
        <time>2025-05-13T17:28:45.000Z</time>
        <extensions>
          <ns3:TrackPointExtension>
            <ns3:hr>173</ns3:hr>
            <ns3:cad>84</ns3:cad>
          </ns3:TrackPointExtension>
        </extensions>
      </trkpt>
      <trkpt lat="38.99214877746999263763427734375" lon="-76.8584976531565189361572265625">
        <ele>64.8000030517578125</ele>
        <time>2025-05-13T17:28:51.000Z</time>
        <extensions>
          <ns3:TrackPointExtension>
            <ns3:hr>172</ns3:hr>
            <ns3:cad>84</ns3:cad>
          </ns3:TrackPointExtension>
        </extensions>
      </trkpt>
      <trkpt lat="38.99215129204094409942626953125" lon="-76.85874165035784244537353515625">
        <ele>65.8000030517578125</ele>
        <time>2025-05-13T17:28:58.000Z</time>
        <extensions>
          <ns3:TrackPointExtension>
            <ns3:hr>171</ns3:hr>
            <ns3:cad>84</ns3:cad>
          </ns3:TrackPointExtension>
        </extensions>
      </trkpt>
      <trkpt lat="38.99215682409703731536865234375" lon="-76.85897433198988437652587890625">
        <ele>66</ele>
        <time>2025-05-13T17:29:04.000Z</time>
        <extensions>
          <ns3:TrackPointExtension>
            <ns3:hr>171</ns3:hr>
            <ns3:cad>85</ns3:cad>
          </ns3:TrackPointExtension>
        </extensions>
      </trkpt>
      <trkpt lat="38.9921624399721622467041015625" lon="-76.8592156469821929931640625">
        <ele>66.40000152587890625</ele>
        <time>2025-05-13T17:29:11.000Z</time>
        <extensions>
          <ns3:TrackPointExtension>
            <ns3:hr>172</ns3:hr>
            <ns3:cad>85</ns3:cad>
          </ns3:TrackPointExtension>
        </extensions>
      </trkpt>
      <trkpt lat="38.99215397424995899200439453125" lon="-76.85945780016481876373291015625">
        <ele>67</ele>
        <time>2025-05-13T17:29:17.000Z</time>
        <extensions>
          <ns3:TrackPointExtension>
            <ns3:hr>173</ns3:hr>
            <ns3:cad>84</ns3:cad>
          </ns3:TrackPointExtension>
        </extensions>
      </trkpt>
      <trkpt lat="38.992143832147121429443359375" lon="-76.8597063235938549041748046875">
        <ele>67</ele>
        <time>2025-05-13T17:29:24.000Z</time>
        <extensions>
          <ns3:TrackPointExtension>
            <ns3:hr>174</ns3:hr>
            <ns3:cad>82</ns3:cad>
          </ns3:TrackPointExtension>
        </extensions>
      </trkpt>
      <trkpt lat="38.99228808470070362091064453125" lon="-76.8598521687090396881103515625">
        <ele>67</ele>
        <time>2025-05-13T17:29:32.000Z</time>
        <extensions>
          <ns3:TrackPointExtension>
            <ns3:hr>173</ns3:hr>
            <ns3:cad>84</ns3:cad>
          </ns3:TrackPointExtension>
        </extensions>
      </trkpt>
      <trkpt lat="38.99247013963758945465087890625" lon="-76.8598887138068675994873046875">
        <ele>67</ele>
        <time>2025-05-13T17:29:39.000Z</time>
        <extensions>
          <ns3:TrackPointExtension>
            <ns3:hr>172</ns3:hr>
            <ns3:cad>86</ns3:cad>
          </ns3:TrackPointExtension>
        </extensions>
      </trkpt>
      <trkpt lat="38.992672897875308990478515625" lon="-76.8598712794482707977294921875">
        <ele>66.40000152587890625</ele>
        <time>2025-05-13T17:29:47.000Z</time>
        <extensions>
          <ns3:TrackPointExtension>
            <ns3:hr>171</ns3:hr>
            <ns3:cad>85</ns3:cad>
          </ns3:TrackPointExtension>
        </extensions>
      </trkpt>
      <trkpt lat="38.99287230335175991058349609375" lon="-76.85984873212873935699462890625">
        <ele>65.59999847412109375</ele>
        <time>2025-05-13T17:29:55.000Z</time>
        <extensions>
          <ns3:TrackPointExtension>
            <ns3:hr>171</ns3:hr>
            <ns3:cad>84</ns3:cad>
          </ns3:TrackPointExtension>
        </extensions>
      </trkpt>
      <trkpt lat="38.99302166886627674102783203125" lon="-76.8598427809774875640869140625">
        <ele>65.1999969482421875</ele>
        <time>2025-05-13T17:30:02.000Z</time>
        <extensions>
          <ns3:TrackPointExtension>
            <ns3:hr>174</ns3:hr>
            <ns3:cad>84</ns3:cad>
          </ns3:TrackPointExtension>
        </extensions>
      </trkpt>
      <trkpt lat="38.99321311153471469879150390625" lon="-76.85985258780419826507568359375">
        <ele>64.8000030517578125</ele>
        <time>2025-05-13T17:30:09.000Z</time>
        <extensions>
          <ns3:TrackPointExtension>
            <ns3:hr>173</ns3:hr>
            <ns3:cad>83</ns3:cad>
          </ns3:TrackPointExtension>
        </extensions>
      </trkpt>
      <trkpt lat="38.99339516647160053253173828125" lon="-76.85985443182289600372314453125">
        <ele>64.59999847412109375</ele>
        <time>2025-05-13T17:30:16.000Z</time>
        <extensions>
          <ns3:TrackPointExtension>
            <ns3:hr>174</ns3:hr>
            <ns3:cad>84</ns3:cad>
          </ns3:TrackPointExtension>
        </extensions>
      </trkpt>
      <trkpt lat="38.99357588030397891998291015625" lon="-76.85984387062489986419677734375">
        <ele>63.799999237060546875</ele>
        <time>2025-05-13T17:30:23.000Z</time>
        <extensions>
          <ns3:TrackPointExtension>
            <ns3:hr>172</ns3:hr>
            <ns3:cad>84</ns3:cad>
          </ns3:TrackPointExtension>
        </extensions>
      </trkpt>
      <trkpt lat="38.99376262910664081573486328125" lon="-76.85982517898082733154296875">
        <ele>62.799999237060546875</ele>
        <time>2025-05-13T17:30:30.000Z</time>
        <extensions>
          <ns3:TrackPointExtension>
            <ns3:hr>172</ns3:hr>
            <ns3:cad>84</ns3:cad>
          </ns3:TrackPointExtension>
        </extensions>
      </trkpt>
      <trkpt lat="38.99384359829127788543701171875" lon="-76.85981721617281436920166015625">
        <ele>62.40000152587890625</ele>
        <time>2025-05-13T17:30:33.000Z</time>
        <extensions>
          <ns3:TrackPointExtension>
            <ns3:hr>175</ns3:hr>
            <ns3:cad>85</ns3:cad>
          </ns3:TrackPointExtension>
        </extensions>
      </trkpt>
      <trkpt lat="38.9940326102077960968017578125" lon="-76.859781257808208465576171875">
        <ele>61.40000152587890625</ele>
        <time>2025-05-13T17:30:40.000Z</time>
        <extensions>
          <ns3:TrackPointExtension>
            <ns3:hr>175</ns3:hr>
            <ns3:cad>85</ns3:cad>
          </ns3:TrackPointExtension>
        </extensions>
      </trkpt>
      <trkpt lat="38.9941952191293239593505859375" lon="-76.85975887812674045562744140625">
        <ele>60.799999237060546875</ele>
        <time>2025-05-13T17:30:46.000Z</time>
        <extensions>
          <ns3:TrackPointExtension>
            <ns3:hr>178</ns3:hr>
            <ns3:cad>85</ns3:cad>
          </ns3:TrackPointExtension>
        </extensions>
      </trkpt>
      <trkpt lat="38.99438892491161823272705078125" lon="-76.8597214110195636749267578125">
        <ele>60.200000762939453125</ele>
        <time>2025-05-13T17:30:53.000Z</time>
        <extensions>
          <ns3:TrackPointExtension>
            <ns3:hr>177</ns3:hr>
            <ns3:cad>84</ns3:cad>
          </ns3:TrackPointExtension>
        </extensions>
      </trkpt>
      <trkpt lat="38.99449654854834079742431640625" lon="-76.85969634912908077239990234375">
        <ele>60</ele>
        <time>2025-05-13T17:30:57.000Z</time>
        <extensions>
          <ns3:TrackPointExtension>
            <ns3:hr>174</ns3:hr>
            <ns3:cad>83</ns3:cad>
          </ns3:TrackPointExtension>
        </extensions>
      </trkpt>
      <trkpt lat="38.99469905532896518707275390625" lon="-76.85966835357248783111572265625">
        <ele>59.200000762939453125</ele>
        <time>2025-05-13T17:31:05.000Z</time>
        <extensions>
          <ns3:TrackPointExtension>
            <ns3:hr>174</ns3:hr>
            <ns3:cad>84</ns3:cad>
          </ns3:TrackPointExtension>
        </extensions>
      </trkpt>
      <trkpt lat="38.99489343166351318359375" lon="-76.85961806215345859527587890625">
        <ele>59</ele>
        <time>2025-05-13T17:31:13.000Z</time>
        <extensions>
          <ns3:TrackPointExtension>
            <ns3:hr>171</ns3:hr>
            <ns3:cad>84</ns3:cad>
          </ns3:TrackPointExtension>
        </extensions>
      </trkpt>
      <trkpt lat="38.99507288821041584014892578125" lon="-76.85954865999519824981689453125">
        <ele>58.200000762939453125</ele>
        <time>2025-05-13T17:31:22.000Z</time>
        <extensions>
          <ns3:TrackPointExtension>
            <ns3:hr>171</ns3:hr>
            <ns3:cad>85</ns3:cad>
          </ns3:TrackPointExtension>
        </extensions>
      </trkpt>
      <trkpt lat="38.99525024928152561187744140625" lon="-76.85944925062358379364013671875">
        <ele>56.40000152587890625</ele>
        <time>2025-05-13T17:31:29.000Z</time>
        <extensions>
          <ns3:TrackPointExtension>
            <ns3:hr>171</ns3:hr>
            <ns3:cad>85</ns3:cad>
          </ns3:TrackPointExtension>
        </extensions>
      </trkpt>
      <trkpt lat="38.995328284800052642822265625" lon="-76.85937800444662570953369140625">
        <ele>55.799999237060546875</ele>
        <time>2025-05-13T17:31:33.000Z</time>
        <extensions>
          <ns3:TrackPointExtension>
            <ns3:hr>174</ns3:hr>
            <ns3:cad>85</ns3:cad>
          </ns3:TrackPointExtension>
        </extensions>
      </trkpt>
      <trkpt lat="38.99548527784645557403564453125" lon="-76.8592263758182525634765625">
        <ele>55.200000762939453125</ele>
        <time>2025-05-13T17:31:40.000Z</time>
        <extensions>
          <ns3:TrackPointExtension>
            <ns3:hr>174</ns3:hr>
            <ns3:cad>85</ns3:cad>
          </ns3:TrackPointExtension>
        </extensions>
      </trkpt>
      <trkpt lat="38.9956645667552947998046875" lon="-76.85926954261958599090576171875">
        <ele>54.59999847412109375</ele>
        <time>2025-05-13T17:31:47.000Z</time>
        <extensions>
          <ns3:TrackPointExtension>
            <ns3:hr>172</ns3:hr>
            <ns3:cad>85</ns3:cad>
          </ns3:TrackPointExtension>
        </extensions>
      </trkpt>
      <trkpt lat="38.995840586721897125244140625" lon="-76.85936073772609233856201171875">
        <ele>54</ele>
        <time>2025-05-13T17:31:54.000Z</time>
        <extensions>
          <ns3:TrackPointExtension>
            <ns3:hr>174</ns3:hr>
            <ns3:cad>84</ns3:cad>
          </ns3:TrackPointExtension>
        </extensions>
      </trkpt>
      <trkpt lat="38.99596606381237506866455078125" lon="-76.85944673605263233184814453125">
        <ele>53.59999847412109375</ele>
        <time>2025-05-13T17:31:59.000Z</time>
        <extensions>
          <ns3:TrackPointExtension>
            <ns3:hr>171</ns3:hr>
            <ns3:cad>84</ns3:cad>
          </ns3:TrackPointExtension>
        </extensions>
      </trkpt>
      <trkpt lat="38.99613856337964534759521484375" lon="-76.8595624901354312896728515625">
        <ele>53.59999847412109375</ele>
        <time>2025-05-13T17:32:07.000Z</time>
        <extensions>
          <ns3:TrackPointExtension>
            <ns3:hr>170</ns3:hr>
            <ns3:cad>84</ns3:cad>
          </ns3:TrackPointExtension>
        </extensions>
      </trkpt>
      <trkpt lat="38.99631910957396030426025390625" lon="-76.8596563674509525299072265625">
        <ele>53.200000762939453125</ele>
        <time>2025-05-13T17:32:15.000Z</time>
        <extensions>
          <ns3:TrackPointExtension>
            <ns3:hr>172</ns3:hr>
            <ns3:cad>84</ns3:cad>
          </ns3:TrackPointExtension>
        </extensions>
      </trkpt>
      <trkpt lat="38.996509127318859100341796875" lon="-76.8597351573407649993896484375">
        <ele>52.59999847412109375</ele>
        <time>2025-05-13T17:32:23.000Z</time>
        <extensions>
          <ns3:TrackPointExtension>
            <ns3:hr>173</ns3:hr>
            <ns3:cad>84</ns3:cad>
          </ns3:TrackPointExtension>
        </extensions>
      </trkpt>
      <trkpt lat="38.99669143371284008026123046875" lon="-76.8597951717674732208251953125">
        <ele>52.40000152587890625</ele>
        <time>2025-05-13T17:32:30.000Z</time>
        <extensions>
          <ns3:TrackPointExtension>
            <ns3:hr>171</ns3:hr>
            <ns3:cad>84</ns3:cad>
          </ns3:TrackPointExtension>
        </extensions>
      </trkpt>
      <trkpt lat="38.99686292745172977447509765625" lon="-76.859707497060298919677734375">
        <ele>51.59999847412109375</ele>
        <time>2025-05-13T17:32:37.000Z</time>
        <extensions>
          <ns3:TrackPointExtension>
            <ns3:hr>171</ns3:hr>
            <ns3:cad>82</ns3:cad>
          </ns3:TrackPointExtension>
        </extensions>
      </trkpt>
      <trkpt lat="38.9969171583652496337890625" lon="-76.85947758145630359649658203125">
        <ele>49.799999237060546875</ele>
        <time>2025-05-13T17:32:44.000Z</time>
        <extensions>
          <ns3:TrackPointExtension>
            <ns3:hr>172</ns3:hr>
            <ns3:cad>84</ns3:cad>
          </ns3:TrackPointExtension>
        </extensions>
      </trkpt>
      <trkpt lat="38.99694004096090793609619140625" lon="-76.85926451347768306732177734375">
        <ele>48.200000762939453125</ele>
        <time>2025-05-13T17:32:51.000Z</time>
        <extensions>
          <ns3:TrackPointExtension>
            <ns3:hr>169</ns3:hr>
            <ns3:cad>83</ns3:cad>
          </ns3:TrackPointExtension>
        </extensions>
      </trkpt>
      <trkpt lat="38.9969304017722606658935546875" lon="-76.8590250425040721893310546875">
        <ele>47</ele>
        <time>2025-05-13T17:32:59.000Z</time>
        <extensions>
          <ns3:TrackPointExtension>
            <ns3:hr>171</ns3:hr>
            <ns3:cad>82</ns3:cad>
          </ns3:TrackPointExtension>
        </extensions>
      </trkpt>
      <trkpt lat="38.99693123996257781982421875" lon="-76.85889386571943759918212890625">
        <ele>46.40000152587890625</ele>
        <time>2025-05-13T17:33:03.000Z</time>
        <extensions>
          <ns3:TrackPointExtension>
            <ns3:hr>174</ns3:hr>
            <ns3:cad>81</ns3:cad>
          </ns3:TrackPointExtension>
        </extensions>
      </trkpt>
      <trkpt lat="38.99693668819963932037353515625" lon="-76.8588322587311267852783203125">
        <ele>46.200000762939453125</ele>
        <time>2025-05-13T17:33:05.000Z</time>
        <extensions>
          <ns3:TrackPointExtension>
            <ns3:hr>177</ns3:hr>
            <ns3:cad>82</ns3:cad>
          </ns3:TrackPointExtension>
        </extensions>
      </trkpt>
      <trkpt lat="38.99694507010281085968017578125" lon="-76.8587623536586761474609375">
        <ele>46.59999847412109375</ele>
        <time>2025-05-13T17:33:07.000Z</time>
        <extensions>
          <ns3:TrackPointExtension>
            <ns3:hr>180</ns3:hr>
            <ns3:cad>83</ns3:cad>
          </ns3:TrackPointExtension>
        </extensions>
      </trkpt>
      <trkpt lat="38.99695873260498046875" lon="-76.85850561596453189849853515625">
        <ele>49</ele>
        <time>2025-05-13T17:33:15.000Z</time>
        <extensions>
          <ns3:TrackPointExtension>
            <ns3:hr>178</ns3:hr>
            <ns3:cad>83</ns3:cad>
          </ns3:TrackPointExtension>
        </extensions>
      </trkpt>
      <trkpt lat="38.9969521947205066680908203125" lon="-76.8583826534450054168701171875">
        <ele>49.40000152587890625</ele>
        <time>2025-05-13T17:33:19.000Z</time>
        <extensions>
          <ns3:TrackPointExtension>
            <ns3:hr>175</ns3:hr>
            <ns3:cad>83</ns3:cad>
          </ns3:TrackPointExtension>
        </extensions>
      </trkpt>
      <trkpt lat="38.99696937762200832366943359375" lon="-76.85814234428107738494873046875">
        <ele>49.799999237060546875</ele>
        <time>2025-05-13T17:33:26.000Z</time>
        <extensions>
          <ns3:TrackPointExtension>
            <ns3:hr>173</ns3:hr>
            <ns3:cad>82</ns3:cad>
          </ns3:TrackPointExtension>
        </extensions>
      </trkpt>
      <trkpt lat="38.99710851721465587615966796875" lon="-76.85797755606472492218017578125">
        <ele>48.200000762939453125</ele>
        <time>2025-05-13T17:33:34.000Z</time>
        <extensions>
          <ns3:TrackPointExtension>
            <ns3:hr>175</ns3:hr>
            <ns3:cad>82</ns3:cad>
          </ns3:TrackPointExtension>
        </extensions>
      </trkpt>
      <trkpt lat="38.9971342496573925018310546875" lon="-76.8579246662557125091552734375">
        <ele>48</ele>
        <time>2025-05-13T17:33:35.000Z</time>
        <extensions>
          <ns3:TrackPointExtension>
            <ns3:hr>175</ns3:hr>
            <ns3:cad>82</ns3:cad>
          </ns3:TrackPointExtension>
        </extensions>
      </trkpt>
      <trkpt lat="38.997047245502471923828125" lon="-76.8577402643859386444091796875">
        <ele>48.799999237060546875</ele>
        <time>2025-05-13T17:33:43.000Z</time>
        <extensions>
          <ns3:TrackPointExtension>
            <ns3:hr>173</ns3:hr>
            <ns3:cad>82</ns3:cad>
          </ns3:TrackPointExtension>
        </extensions>
      </trkpt>
      <trkpt lat="38.99693300016224384307861328125" lon="-76.857557035982608795166015625">
        <ele>50</ele>
        <time>2025-05-13T17:33:50.000Z</time>
        <extensions>
          <ns3:TrackPointExtension>
            <ns3:hr>172</ns3:hr>
            <ns3:cad>83</ns3:cad>
          </ns3:TrackPointExtension>
        </extensions>
      </trkpt>
      <trkpt lat="38.99687851779162883758544921875" lon="-76.85732804238796234130859375">
        <ele>50.59999847412109375</ele>
        <time>2025-05-13T17:33:57.000Z</time>
        <extensions>
          <ns3:TrackPointExtension>
            <ns3:hr>174</ns3:hr>
            <ns3:cad>83</ns3:cad>
          </ns3:TrackPointExtension>
        </extensions>
      </trkpt>
      <trkpt lat="38.99688170291483402252197265625" lon="-76.857089996337890625">
        <ele>51</ele>
        <time>2025-05-13T17:34:04.000Z</time>
        <extensions>
          <ns3:TrackPointExtension>
            <ns3:hr>175</ns3:hr>
            <ns3:cad>84</ns3:cad>
          </ns3:TrackPointExtension>
        </extensions>
      </trkpt>
      <trkpt lat="38.99687315337359905242919921875" lon="-76.85701288282871246337890625">
        <ele>51</ele>
        <time>2025-05-13T17:34:10.000Z</time>
        <extensions>
          <ns3:TrackPointExtension>
            <ns3:hr>171</ns3:hr>
            <ns3:cad>84</ns3:cad>
          </ns3:TrackPointExtension>
        </extensions>
      </trkpt>
      <trkpt lat="38.99684230796992778778076171875" lon="-76.85696200467646121978759765625">
        <ele>51</ele>
        <time>2025-05-13T17:34:14.000Z</time>
        <extensions>
          <ns3:TrackPointExtension>
            <ns3:hr>169</ns3:hr>
            <ns3:cad>58</ns3:cad>
          </ns3:TrackPointExtension>
        </extensions>
      </trkpt>
      <trkpt lat="38.9968187548220157623291015625" lon="-76.85695387423038482666015625">
        <ele>51.200000762939453125</ele>
        <time>2025-05-13T17:34:17.000Z</time>
        <extensions>
          <ns3:TrackPointExtension>
            <ns3:hr>168</ns3:hr>
            <ns3:cad>0</ns3:cad>
          </ns3:TrackPointExtension>
        </extensions>
      </trkpt>
      <trkpt lat="38.99679821915924549102783203125" lon="-76.856953538954257965087890625">
        <ele>51.200000762939453125</ele>
        <time>2025-05-13T17:34:19.000Z</time>
        <extensions>
          <ns3:TrackPointExtension>
            <ns3:hr>168</ns3:hr>
            <ns3:cad>0</ns3:cad>
          </ns3:TrackPointExtension>
        </extensions>
      </trkpt>
      <trkpt lat="38.99675580672919750213623046875" lon="-76.856947503983974456787109375">
        <ele>51.40000152587890625</ele>
        <time>2025-05-13T17:34:23.000Z</time>
        <extensions>
          <ns3:TrackPointExtension>
            <ns3:hr>171</ns3:hr>
            <ns3:cad>0</ns3:cad>
          </ns3:TrackPointExtension>
        </extensions>
      </trkpt>
      <trkpt lat="38.99674390442669391632080078125" lon="-76.8569453246891498565673828125">
        <ele>51.40000152587890625</ele>
        <time>2025-05-13T17:34:24.000Z</time>
        <extensions>
          <ns3:TrackPointExtension>
            <ns3:hr>171</ns3:hr>
            <ns3:cad>0</ns3:cad>
          </ns3:TrackPointExtension>
        </extensions>
      </trkpt>
      <trkpt lat="38.996699564158916473388671875" lon="-76.856950856745243072509765625">
        <ele>51.59999847412109375</ele>
        <time>2025-05-13T17:34:28.000Z</time>
        <extensions>
          <ns3:TrackPointExtension>
            <ns3:hr>170</ns3:hr>
            <ns3:cad>0</ns3:cad>
          </ns3:TrackPointExtension>
        </extensions>
      </trkpt>
    </trkseg>
  </trk>
</gpx>
